geoID,name,acai,units,Data_Value_missing,Municipality,State
,..,,6000,True,,
,..,,9167,True,,
,..,,-,True,,
,..,,-,True,,
,..,,-,True,,
,..,,-,True,,
,..,,-,True,,
,..,,6800,True,,
,..,,-,True,,
,..,,3833,True,,
,..,,7500,True,,
,..,,8000,True,,
,..,,-,True,,
,..,,6000,True,,
,..,,8000,True,,
,..,,8000,True,,
,..,,8240,True,,
,..,,-,True,,
,..,,-,True,,
,..,,6000,True,,
,..,,-,True,,
,..,,-,True,,
,..,,8000,True,,
,..,,7667,True,,
,..,,-,True,,
,..,,-,True,,
,..,,10000,True,,
,..,,6000,True,,
,..,,9000,True,,
,..,,8000,True,,
,..,,8000,True,,
,..,,7657,True,,
,..,,-,True,,
,..,,-,True,,
,..,,8000,True,,
,..,,-,True,,
,..,,7700,True,,
,..,,-,True,,
,..,,8000,True,,
,..,,-,True,,
,..,,5600,True,,
,..,,-,True,,
,..,,-,True,,
,..,,6000,True,,
,..,,-,True,,
,..,,6000,True,,
,..,,-,True,,
,..,,-,True,,
,..,,-,True,,
,..,,-,True,,
,..,,-,True,,
,..,,7000,True,,
,..,,3059,True,,
,..,,-,True,,
,..,,-,True,,
,..,,-,True,,
,..,,-,True,,
,..,,-,True,,
,..,,1308,True,,
,..,,-,True,,
,..,,-,True,,
,..,,-,True,,
,..,,-,True,,
,..,,-,True,,
,..,,2000,True,,
,..,,-,True,,
,..,,-,True,,
,..,,-,True,,
,..,,-,True,,
,..,,-,True,,
,..,,-,True,,
,..,,-,True,,
,..,,-,True,,
,..,,-,True,,
,..,,13000,True,,
,..,,11000,True,,
,..,,11000,True,,
,..,,12000,True,,
,..,,-,True,,
,..,,11000,True,,
,..,,11200,True,,
,..,,10514,True,,
,..,,11000,True,,
,..,,12000,True,,
,..,,10000,True,,
,..,,-,True,,
,..,,-,True,,
,..,,10000,True,,
,..,,12000,True,,
,..,,10000,True,,
,..,,12000,True,,
,..,,10400,True,,
,..,,-,True,,
,..,,12000,True,,
,..,,12000,True,,
,..,,12000,True,,
,..,,11000,True,,
,..,,7600,True,,
,..,,-,True,,
,..,,10000,True,,
,..,,12000,True,,
,..,,10400,True,,
,..,,12000,True,,
,..,,10000,True,,
,..,,-,True,,
,..,,12000,True,,
,..,,14211,True,,
,..,,10000,True,,
,..,,10000,True,,
,..,,12000,True,,
,..,,10000,True,,
,..,,12000,True,,
,..,,10000,True,,
,..,,12000,True,,
,..,,-,True,,
,..,,-,True,,
,..,,12000,True,,
,..,,11000,True,,
,..,,10000,True,,
,..,,-,True,,
,..,,-,True,,
,..,,9000,True,,
,..,,10000,True,,
,..,,12000,True,,
,..,,13514,True,,
,..,,12000,True,,
,..,,11000,True,,
,..,,-,True,,
,..,,12000,True,,
,..,,12000,True,,
,..,,10000,True,,
,..,,13000,True,,
,..,,11000,True,,
,..,,13000,True,,
,..,,12000,True,,
,..,,12000,True,,
,..,,7538,True,,
,..,,-,True,,
,..,,-,True,,
,..,,-,True,,
,..,,-,True,,
,..,,-,True,,
,..,,7500,True,,
,..,,4000,True,,
,..,,6700,True,,
,..,,-,True,,
,..,,6000,True,,
,..,,5500,True,,
,..,,8000,True,,
,..,,12000,True,,
,..,,-,True,,
,..,,5600,True,,
,..,,8000,True,,
,..,,12000,True,,
,..,,-,True,,
,..,,10000,True,,
,..,,4961,True,,
,..,,8000,True,,
,..,,8000,True,,
,..,,10000,True,,
,..,,4185,True,,
,..,,6271,True,,
,..,,6444,True,,
,..,,6000,True,,
,..,,6000,True,,
,..,,8800,True,,
,..,,5750,True,,
,..,,-,True,,
,..,,7000,True,,
,..,,4000,True,,
,..,,5600,True,,
,..,,3125,True,,
,..,,6000,True,,
,..,,11700,True,,
,..,,6000,True,,
,..,,6000,True,,
,..,,6000,True,,
,..,,10083,True,,
,..,,7715,True,,
,..,,11379,True,,
,..,,4500,True,,
,..,,3423,True,,
,..,,5261,True,,
,..,,6000,True,,
,..,,3000,True,,
,..,,11803,True,,
,..,,8000,True,,
,..,,...,True,,
,..,,6000,True,,
,..,,-,True,,
,..,,6500,True,,
,..,,5000,True,,
,..,,6000,True,,
,..,,9000,True,,
,..,,7000,True,,
,..,,7000,True,,
,..,,9283,True,,
,..,,5000,True,,
,..,,-,True,,
,..,,-,True,,
,..,,3037,True,,
,..,,6000,True,,
,..,,8000,True,,
,..,,8401,True,,
,..,,5000,True,,
,..,,6477,True,,
,..,,8053,True,,
,..,,5993,True,,
,..,,2000,True,,
,..,,6088,True,,
,..,,2000,True,,
,..,,10000,True,,
,..,,6000,True,,
,..,,6000,True,,
,..,,3000,True,,
,..,,8000,True,,
,..,,6000,True,,
,..,,8872,True,,
,..,,6551,True,,
,..,,...,True,,
,..,,15000,True,,
,..,,6000,True,,
,..,,2000,True,,
,..,,6500,True,,
,..,,6563,True,,
,..,,3658,True,,
,..,,4394,True,,
,..,,10000,True,,
,..,,8000,True,,
,..,,3469,True,,
,..,,5000,True,,
,..,,3000,True,,
,..,,8000,True,,
,..,,6500,True,,
,..,,-,True,,
,..,,10000,True,,
,..,,10800,True,,
,..,,6000,True,,
,..,,8000,True,,
,..,,4817,True,,
,..,,6000,True,,
,..,,-,True,,
,..,,3950,True,,
,..,,-,True,,
,..,,-,True,,
,..,,3867,True,,
,..,,10000,True,,
,..,,8000,True,,
,..,,3000,True,,
,..,,-,True,,
,..,,10000,True,,
,..,,-,True,,
,..,,...,True,,
,..,,7440,True,,
,..,,-,True,,
,..,,-,True,,
,..,,4000,True,,
,..,,4700,True,,
,..,,10500,True,,
,..,,-,True,,
,..,,2000,True,,
,..,,5123,True,,
,..,,...,True,,
,..,,4000,True,,
,..,,-,True,,
,..,,7428,True,,
,..,,8000,True,,
,..,,5000,True,,
,..,,5000,True,,
,..,,-,True,,
,..,,7000,True,,
,..,,13000,True,,
,..,,6000,True,,
,..,,3000,True,,
,..,,8640,True,,
,..,,12000,True,,
,..,,3155,True,,
,..,,-,True,,
,..,,-,True,,
,..,,-,True,,
,..,,10000,True,,
,..,,6948,True,,
,..,,-,True,,
,..,,2960,True,,
,..,,6000,True,,
,..,,4701,True,,
,..,,2456,True,,
,..,,9000,True,,
,..,,7467,True,,
,..,,6000,True,,
,..,,7140,True,,
,..,,6800,True,,
,..,,6000,True,,
,..,,-,True,,
,..,,-,True,,
,..,,12200,True,,
,..,,-,True,,
,..,,12500,True,,
,..,,-,True,,
,..,,10800,True,,
,..,,-,True,,
,..,,12300,True,,
,..,,13654,True,,
,..,,-,True,,
,..,,12286,True,,
,..,,11800,True,,
,..,,10980,True,,
,..,,12625,True,,
,..,,11150,True,,
,..,,-,True,,
,..,,-,True,,
,..,,-,True,,
,..,,-,True,,
,..,,-,True,,
,..,,-,True,,
,..,,-,True,,
,..,,-,True,,
,..,,-,True,,
,..,,-,True,,
,..,,...,True,,
,..,,-,True,,
,..,,-,True,,
,..,,...,True,,
,..,,-,True,,
,..,,-,True,,
,..,,-,True,,
,..,,-,True,,
,..,,-,True,,
,..,,2500,True,,
,..,,-,True,,
,..,,-,True,,
,..,,-,True,,
,..,,-,True,,
,..,,2000,True,,
,..,,-,True,,
,..,,-,True,,
,..,,-,True,,
,..,,2500,True,,
,..,,-,True,,
,..,,-,True,,
,..,,-,True,,
,..,,...,True,,
,..,,-,True,,
,..,,-,True,,
,..,,-,True,,
,..,,-,True,,
,..,,-,True,,
,..,,-,True,,
,..,,-,True,,
,..,,-,True,,
,..,,2000,True,,
,..,,-,True,,
,..,,-,True,,
,..,,-,True,,
,..,,-,True,,
,..,,-,True,,
,..,,-,True,,
,..,,-,True,,
,..,,3750,True,,
,..,,-,True,,
,..,,-,True,,
,..,,-,True,,
,..,,-,True,,
,..,,-,True,,
,..,,2000,True,,
,..,,-,True,,
,..,,4000,True,,
,..,,-,True,,
,..,,-,True,,
,..,,-,True,,
,..,,5000,True,,
,..,,-,True,,
,..,,-,True,,
,..,,-,True,,
,..,,-,True,,
,..,,6047,True,,
,..,,-,True,,
,..,,-,True,,
,..,,-,True,,
,..,,-,True,,
,..,,-,True,,
,..,,-,True,,
,..,,-,True,,
,..,,-,True,,
,..,,-,True,,
,..,,-,True,,
,..,,-,True,,
,..,,-,True,,
,..,,-,True,,
,..,,...,True,,
,..,,-,True,,
,..,,-,True,,
,..,,-,True,,
,..,,-,True,,
,..,,-,True,,
,..,,-,True,,
,..,,-,True,,
,..,,-,True,,
,..,,-,True,,
,..,,-,True,,
,..,,-,True,,
,..,,-,True,,
,..,,-,True,,
,..,,-,True,,
,..,,-,True,,
,..,,-,True,,
,..,,-,True,,
,..,,-,True,,
,..,,-,True,,
,..,,...,True,,
,..,,-,True,,
,..,,-,True,,
,..,,-,True,,
,..,,3500,True,,
,..,,-,True,,
,..,,...,True,,
,..,,-,True,,
,..,,-,True,,
,..,,-,True,,
,..,,-,True,,
,..,,...,True,,
,..,,-,True,,
,..,,1000,True,,
,..,,-,True,,
,..,,-,True,,
,..,,-,True,,
,..,,...,True,,
,..,,-,True,,
,..,,-,True,,
,..,,-,True,,
,..,,-,True,,
,..,,-,True,,
,..,,-,True,,
,..,,-,True,,
,..,,-,True,,
,..,,-,True,,
,..,,-,True,,
,..,,-,True,,
,..,,-,True,,
,..,,-,True,,
,..,,-,True,,
,..,,-,True,,
,..,,4000,True,,
,..,,-,True,,
,..,,-,True,,
,..,,...,True,,
,..,,-,True,,
,..,,-,True,,
,..,,1000,True,,
,..,,-,True,,
,..,,-,True,,
,..,,-,True,,
,..,,-,True,,
,..,,-,True,,
,..,,-,True,,
,..,,-,True,,
,..,,...,True,,
,..,,-,True,,
,..,,4158,True,,
,..,,2125,True,,
,..,,-,True,,
,..,,-,True,,
,..,,...,True,,
,..,,-,True,,
,..,,-,True,,
,..,,-,True,,
,..,,4211,True,,
,..,,-,True,,
,..,,10000,True,,
,..,,-,True,,
,..,,-,True,,
,..,,-,True,,
,..,,-,True,,
,..,,-,True,,
,..,,4000,True,,
,..,,3600,True,,
,..,,-,True,,
,..,,-,True,,
,..,,-,True,,
,..,,-,True,,
,..,,-,True,,
,..,,6333,True,,
,..,,-,True,,
,..,,...,True,,
,..,,...,True,,
,..,,-,True,,
,..,,...,True,,
,..,,-,True,,
,..,,-,True,,
,..,,...,True,,
,..,,-,True,,
,..,,-,True,,
,..,,-,True,,
,..,,-,True,,
,..,,-,True,,
,..,,1625,True,,
,..,,-,True,,
,..,,-,True,,
,..,,-,True,,
,..,,2931,True,,
,..,,-,True,,
,..,,-,True,,
,..,,-,True,,
,..,,2308,True,,
,..,,-,True,,
,..,,-,True,,
,..,,-,True,,
,..,,-,True,,
,..,,-,True,,
,..,,-,True,,
,..,,-,True,,
,..,,-,True,,
,..,,-,True,,
,..,,-,True,,
,..,,-,True,,
,..,,-,True,,
,..,,-,True,,
,..,,-,True,,
,..,,-,True,,
,..,,-,True,,
,..,,1000,True,,
,..,,-,True,,
,..,,-,True,,
,..,,3500,True,,
,..,,-,True,,
,..,,-,True,,
,..,,-,True,,
,..,,-,True,,
,..,,-,True,,
,..,,-,True,,
,..,,2956,True,,
,..,,-,True,,
,..,,-,True,,
,..,,-,True,,
,..,,-,True,,
,..,,-,True,,
,..,,-,True,,
,..,,-,True,,
,..,,-,True,,
,..,,200,True,,
,..,,-,True,,
,..,,-,True,,
,..,,-,True,,
,..,,-,True,,
,..,,...,True,,
,..,,-,True,,
,..,,3300,True,,
,..,,-,True,,
,..,,-,True,,
,..,,-,True,,
,..,,-,True,,
,..,,-,True,,
,..,,...,True,,
,..,,-,True,,
,..,,-,True,,
,..,,-,True,,
,..,,6905,True,,
,..,,-,True,,
,..,,2350,True,,
,..,,...,True,,
,..,,1900,True,,
,..,,-,True,,
,..,,4813,True,,
,..,,-,True,,
,..,,-,True,,
,..,,-,True,,
,..,,-,True,,
,..,,-,True,,
,..,,-,True,,
,..,,-,True,,
,..,,-,True,,
,..,,-,True,,
,..,,-,True,,
,..,,-,True,,
,..,,-,True,,
,..,,-,True,,
,..,,-,True,,
,..,,-,True,,
,..,,-,True,,
,..,,-,True,,
,..,,-,True,,
,..,,-,True,,
,..,,-,True,,
,..,,-,True,,
,..,,-,True,,
,..,,...,True,,
,..,,-,True,,
,..,,-,True,,
,..,,4500,True,,
,..,,-,True,,
,..,,-,True,,
,..,,...,True,,
,..,,-,True,,
,..,,6000,True,,
,..,,-,True,,
,..,,-,True,,
,..,,-,True,,
,..,,-,True,,
,..,,...,True,,
,..,,-,True,,
,..,,-,True,,
,..,,-,True,,
,..,,-,True,,
,..,,-,True,,
,..,,-,True,,
,..,,-,True,,
,..,,-,True,,
,..,,-,True,,
,..,,-,True,,
,..,,-,True,,
,..,,-,True,,
,..,,-,True,,
,..,,-,True,,
,..,,3571,True,,
,..,,-,True,,
,..,,-,True,,
,..,,-,True,,
,..,,-,True,,
,..,,-,True,,
,..,,-,True,,
,..,,-,True,,
,..,,-,True,,
,..,,-,True,,
,..,,-,True,,
,..,,...,True,,
,..,,-,True,,
,..,,-,True,,
,..,,-,True,,
,..,,-,True,,
,..,,-,True,,
,..,,-,True,,
,..,,-,True,,
,..,,-,True,,
,..,,-,True,,
,..,,-,True,,
,..,,-,True,,
,..,,...,True,,
,..,,-,True,,
,..,,-,True,,
,..,,-,True,,
,..,,...,True,,
,..,,...,True,,
,..,,-,True,,
,..,,-,True,,
,..,,-,True,,
,..,,...,True,,
,..,,-,True,,
,..,,-,True,,
,..,,-,True,,
,..,,-,True,,
,..,,...,True,,
,..,,-,True,,
,..,,-,True,,
,..,,-,True,,
,..,,...,True,,
,..,,-,True,,
,..,,-,True,,
,..,,-,True,,
,..,,-,True,,
,..,,-,True,,
,..,,-,True,,
,..,,4500,True,,
,..,,7000,True,,
,..,,-,True,,
,..,,-,True,,
,..,,-,True,,
,..,,-,True,,
,..,,-,True,,
,..,,-,True,,
,..,,-,True,,
,..,,-,True,,
,..,,-,True,,
,..,,-,True,,
,..,,-,True,,
,..,,-,True,,
,..,,-,True,,
,..,,-,True,,
,..,,-,True,,
,..,,-,True,,
,..,,-,True,,
,..,,-,True,,
,..,,...,True,,
,..,,-,True,,
,..,,-,True,,
,..,,-,True,,
,..,,-,True,,
,..,,-,True,,
,..,,-,True,,
,..,,...,True,,
,..,,-,True,,
,..,,-,True,,
,..,,-,True,,
,..,,...,True,,
,..,,-,True,,
,..,,-,True,,
,..,,-,True,,
,..,,-,True,,
,..,,...,True,,
,..,,-,True,,
,..,,-,True,,
,..,,-,True,,
,..,,-,True,,
,..,,-,True,,
,..,,-,True,,
,..,,-,True,,
,..,,-,True,,
,..,,...,True,,
,..,,-,True,,
,..,,...,True,,
,..,,-,True,,
,..,,-,True,,
,..,,-,True,,
,..,,-,True,,
,..,,-,True,,
,..,,-,True,,
,..,,...,True,,
,..,,-,True,,
,..,,-,True,,
,..,,...,True,,
,..,,-,True,,
,..,,-,True,,
,..,,-,True,,
,..,,-,True,,
,..,,-,True,,
,..,,-,True,,
,..,,-,True,,
,..,,-,True,,
,..,,-,True,,
,..,,...,True,,
,..,,...,True,,
,..,,...,True,,
,..,,-,True,,
,..,,...,True,,
,..,,-,True,,
,..,,-,True,,
,..,,...,True,,
,..,,-,True,,
,..,,...,True,,
,..,,-,True,,
,..,,-,True,,
,..,,-,True,,
,..,,-,True,,
,..,,-,True,,
,..,,...,True,,
,..,,-,True,,
,..,,-,True,,
,..,,-,True,,
,..,,-,True,,
,..,,-,True,,
,..,,...,True,,
,..,,-,True,,
,..,,...,True,,
,..,,-,True,,
,..,,-,True,,
,..,,-,True,,
,..,,-,True,,
,..,,-,True,,
,..,,-,True,,
,..,,-,True,,
,..,,-,True,,
,..,,-,True,,
,..,,-,True,,
,..,,-,True,,
,..,,...,True,,
,..,,-,True,,
,..,,-,True,,
,..,,-,True,,
,..,,-,True,,
,..,,-,True,,
,..,,-,True,,
,..,,-,True,,
,..,,-,True,,
,..,,-,True,,
,..,,...,True,,
,..,,...,True,,
,..,,-,True,,
,..,,-,True,,
,..,,...,True,,
,..,,-,True,,
,..,,-,True,,
,..,,-,True,,
,..,,-,True,,
,..,,-,True,,
,..,,-,True,,
,..,,-,True,,
,..,,-,True,,
,..,,...,True,,
,..,,-,True,,
,..,,-,True,,
,..,,-,True,,
,..,,-,True,,
,..,,...,True,,
,..,,-,True,,
,..,,-,True,,
,..,,-,True,,
,..,,...,True,,
,..,,...,True,,
,..,,-,True,,
,..,,-,True,,
,..,,-,True,,
,..,,-,True,,
,..,,-,True,,
,..,,-,True,,
,..,,-,True,,
,..,,-,True,,
,..,,-,True,,
,..,,-,True,,
,..,,-,True,,
,..,,-,True,,
,..,,-,True,,
,..,,-,True,,
,..,,-,True,,
,..,,-,True,,
,..,,...,True,,
,..,,-,True,,
,..,,-,True,,
,..,,-,True,,
,..,,-,True,,
,..,,-,True,,
,..,,-,True,,
,..,,-,True,,
,..,,-,True,,
,..,,-,True,,
,..,,-,True,,
,..,,-,True,,
,..,,-,True,,
,..,,-,True,,
,..,,-,True,,
,..,,-,True,,
,..,,-,True,,
,..,,-,True,,
,..,,...,True,,
,..,,-,True,,
,..,,-,True,,
,..,,...,True,,
,..,,-,True,,
,..,,-,True,,
,..,,-,True,,
,..,,-,True,,
,..,,-,True,,
,..,,...,True,,
,..,,-,True,,
,..,,-,True,,
,..,,-,True,,
,..,,-,True,,
,..,,-,True,,
,..,,-,True,,
,..,,-,True,,
,..,,-,True,,
,..,,-,True,,
,..,,-,True,,
,..,,-,True,,
,..,,-,True,,
,..,,-,True,,
,..,,-,True,,
,..,,-,True,,
,..,,-,True,,
,..,,-,True,,
,..,,-,True,,
,..,,-,True,,
,..,,-,True,,
,..,,-,True,,
,..,,-,True,,
,..,,...,True,,
,..,,-,True,,
,..,,-,True,,
,..,,...,True,,
,..,,-,True,,
,..,,-,True,,
,..,,-,True,,
,..,,...,True,,
,..,,-,True,,
,..,,-,True,,
,..,,-,True,,
,..,,-,True,,
,..,,-,True,,
,..,,-,True,,
,..,,-,True,,
,..,,-,True,,
,..,,-,True,,
,..,,-,True,,
,..,,-,True,,
,..,,-,True,,
,..,,...,True,,
,..,,-,True,,
,..,,-,True,,
,..,,-,True,,
,..,,-,True,,
,..,,-,True,,
,..,,-,True,,
,..,,-,True,,
,..,,-,True,,
,..,,-,True,,
,..,,-,True,,
,..,,-,True,,
,..,,-,True,,
,..,,-,True,,
,..,,-,True,,
,..,,-,True,,
,..,,-,True,,
,..,,-,True,,
,..,,-,True,,
,..,,-,True,,
,..,,-,True,,
,..,,-,True,,
,..,,-,True,,
,..,,-,True,,
,..,,-,True,,
,..,,-,True,,
,..,,-,True,,
,..,,-,True,,
,..,,-,True,,
,..,,-,True,,
,..,,-,True,,
,..,,-,True,,
,..,,-,True,,
,..,,-,True,,
,..,,-,True,,
,..,,-,True,,
,..,,-,True,,
,..,,-,True,,
,..,,-,True,,
,..,,-,True,,
,..,,-,True,,
,..,,-,True,,
,..,,-,True,,
,..,,-,True,,
,..,,-,True,,
,..,,11000,True,,
,..,,-,True,,
,..,,-,True,,
,..,,-,True,,
,..,,-,True,,
,..,,-,True,,
,..,,-,True,,
,..,,-,True,,
,..,,-,True,,
,..,,-,True,,
,..,,-,True,,
,..,,-,True,,
,..,,-,True,,
,..,,-,True,,
,..,,-,True,,
,..,,-,True,,
,..,,-,True,,
,..,,-,True,,
,..,,-,True,,
,..,,-,True,,
,..,,-,True,,
,..,,-,True,,
,..,,-,True,,
,..,,-,True,,
,..,,-,True,,
,..,,-,True,,
,..,,-,True,,
,..,,-,True,,
,..,,-,True,,
,..,,-,True,,
,..,,7000,True,,
,..,,-,True,,
,..,,15000,True,,
,..,,-,True,,
,..,,-,True,,
,..,,-,True,,
,..,,-,True,,
,..,,-,True,,
,..,,-,True,,
,..,,-,True,,
,..,,-,True,,
,..,,-,True,,
,..,,-,True,,
,..,,-,True,,
,..,,-,True,,
,..,,-,True,,
,..,,-,True,,
,..,,-,True,,
,..,,-,True,,
,..,,-,True,,
,..,,-,True,,
,..,,-,True,,
,..,,-,True,,
,..,,-,True,,
,..,,-,True,,
,..,,-,True,,
,..,,-,True,,
,..,,-,True,,
,..,,-,True,,
,..,,-,True,,
,..,,-,True,,
,..,,21250,True,,
,..,,-,True,,
,..,,-,True,,
,..,,-,True,,
,..,,-,True,,
,..,,-,True,,
,..,,-,True,,
,..,,-,True,,
,..,,-,True,,
,..,,-,True,,
,..,,-,True,,
,..,,-,True,,
,..,,-,True,,
,..,,-,True,,
,..,,-,True,,
,..,,-,True,,
,..,,-,True,,
,..,,-,True,,
,..,,-,True,,
,..,,-,True,,
,..,,-,True,,
,..,,-,True,,
,..,,-,True,,
,..,,-,True,,
,..,,-,True,,
,..,,-,True,,
,..,,-,True,,
,..,,-,True,,
,..,,-,True,,
,..,,-,True,,
,..,,-,True,,
,..,,43200,True,,
,..,,-,True,,
,..,,-,True,,
,..,,-,True,,
,..,,-,True,,
,..,,-,True,,
,..,,-,True,,
,..,,-,True,,
,..,,-,True,,
,..,,-,True,,
,..,,-,True,,
,..,,-,True,,
,..,,-,True,,
,..,,-,True,,
,..,,-,True,,
,..,,-,True,,
,..,,-,True,,
,..,,-,True,,
,..,,-,True,,
,..,,-,True,,
,..,,-,True,,
,..,,-,True,,
,..,,12000,True,,
,..,,-,True,,
,..,,-,True,,
,..,,-,True,,
,..,,-,True,,
,..,,-,True,,
,..,,-,True,,
,..,,-,True,,
,..,,-,True,,
,..,,-,True,,
,..,,-,True,,
,..,,-,True,,
,..,,-,True,,
,..,,-,True,,
,..,,-,True,,
,..,,-,True,,
,..,,-,True,,
,..,,-,True,,
,..,,-,True,,
,..,,15400,True,,
,..,,-,True,,
,..,,-,True,,
,..,,15333,True,,
,..,,-,True,,
,..,,-,True,,
,..,,10000,True,,
,..,,-,True,,
,..,,-,True,,
,..,,-,True,,
,..,,15000,True,,
,..,,-,True,,
,..,,-,True,,
,..,,-,True,,
,..,,-,True,,
,..,,-,True,,
,..,,-,True,,
,..,,-,True,,
,..,,-,True,,
,..,,-,True,,
,..,,-,True,,
,..,,-,True,,
,..,,-,True,,
,..,,-,True,,
,..,,-,True,,
,..,,-,True,,
,..,,...,True,,
,..,,-,True,,
,..,,-,True,,
,..,,-,True,,
,..,,-,True,,
,..,,-,True,,
,..,,-,True,,
,..,,-,True,,
,..,,-,True,,
,..,,-,True,,
,..,,-,True,,
,..,,-,True,,
,..,,-,True,,
,..,,-,True,,
,..,,-,True,,
,..,,-,True,,
,..,,-,True,,
,..,,-,True,,
,..,,-,True,,
,..,,-,True,,
,..,,...,True,,
,..,,-,True,,
,..,,-,True,,
,..,,-,True,,
,..,,-,True,,
,..,,-,True,,
,..,,-,True,,
,..,,-,True,,
,..,,-,True,,
,..,,-,True,,
,..,,-,True,,
,..,,-,True,,
,..,,-,True,,
,..,,-,True,,
,..,,-,True,,
,..,,-,True,,
,..,,-,True,,
,..,,-,True,,
,..,,-,True,,
,..,,-,True,,
,..,,-,True,,
,..,,...,True,,
,..,,-,True,,
,..,,...,True,,
,..,,-,True,,
,..,,-,True,,
,..,,-,True,,
,..,,-,True,,
,..,,...,True,,
,..,,-,True,,
,..,,-,True,,
,..,,-,True,,
,..,,-,True,,
,..,,-,True,,
,..,,...,True,,
,..,,-,True,,
,..,,-,True,,
,..,,-,True,,
,..,,-,True,,
,..,,-,True,,
,..,,-,True,,
,..,,-,True,,
,..,,...,True,,
,..,,-,True,,
,..,,-,True,,
,..,,-,True,,
,..,,-,True,,
,..,,...,True,,
,..,,-,True,,
,..,,-,True,,
,..,,-,True,,
,..,,-,True,,
,..,,...,True,,
,..,,-,True,,
,..,,-,True,,
,..,,-,True,,
,..,,-,True,,
,..,,...,True,,
,..,,-,True,,
,..,,-,True,,
,..,,-,True,,
,..,,-,True,,
,..,,-,True,,
,..,,...,True,,
,..,,-,True,,
,..,,-,True,,
,..,,-,True,,
,..,,-,True,,
,..,,-,True,,
,..,,-,True,,
,..,,-,True,,
,..,,-,True,,
,..,,...,True,,
,..,,-,True,,
,..,,-,True,,
,..,,-,True,,
,..,,-,True,,
,..,,2222,True,,
,..,,-,True,,
,..,,-,True,,
,..,,...,True,,
,..,,-,True,,
,..,,-,True,,
,..,,-,True,,
,..,,-,True,,
,..,,-,True,,
,..,,-,True,,
,..,,-,True,,
,..,,-,True,,
,..,,-,True,,
,..,,-,True,,
,..,,-,True,,
,..,,...,True,,
,..,,-,True,,
,..,,-,True,,
,..,,-,True,,
,..,,-,True,,
,..,,-,True,,
,..,,-,True,,
,..,,-,True,,
,..,,-,True,,
,..,,-,True,,
,..,,-,True,,
,..,,...,True,,
,..,,-,True,,
,..,,-,True,,
,..,,-,True,,
,..,,-,True,,
,..,,-,True,,
,..,,-,True,,
,..,,-,True,,
,..,,-,True,,
,..,,-,True,,
,..,,-,True,,
,..,,-,True,,
,..,,-,True,,
,..,,-,True,,
,..,,-,True,,
,..,,-,True,,
,..,,-,True,,
,..,,-,True,,
,..,,-,True,,
,..,,-,True,,
,..,,-,True,,
,..,,-,True,,
,..,,-,True,,
,..,,...,True,,
,..,,-,True,,
,..,,-,True,,
,..,,-,True,,
,..,,...,True,,
,..,,-,True,,
,..,,...,True,,
,..,,-,True,,
,..,,-,True,,
,..,,-,True,,
,..,,-,True,,
,..,,-,True,,
,..,,-,True,,
,..,,-,True,,
,..,,...,True,,
,..,,-,True,,
,..,,-,True,,
,..,,-,True,,
,..,,-,True,,
,..,,-,True,,
,..,,-,True,,
,..,,...,True,,
,..,,-,True,,
,..,,-,True,,
,..,,-,True,,
,..,,-,True,,
,..,,-,True,,
,..,,-,True,,
,..,,-,True,,
,..,,-,True,,
,..,,-,True,,
,..,,-,True,,
,..,,...,True,,
,..,,-,True,,
,..,,-,True,,
,..,,...,True,,
,..,,-,True,,
,..,,...,True,,
,..,,-,True,,
,..,,-,True,,
,..,,...,True,,
,..,,-,True,,
,..,,...,True,,
,..,,...,True,,
,..,,-,True,,
,..,,-,True,,
,..,,...,True,,
,..,,-,True,,
,..,,-,True,,
,..,,-,True,,
,..,,-,True,,
,..,,-,True,,
,..,,-,True,,
,..,,-,True,,
,..,,-,True,,
,..,,-,True,,
,..,,-,True,,
,..,,-,True,,
,..,,-,True,,
,..,,...,True,,
,..,,-,True,,
,..,,-,True,,
,..,,-,True,,
,..,,-,True,,
,..,,-,True,,
,..,,...,True,,
,..,,-,True,,
,..,,-,True,,
,..,,-,True,,
,..,,...,True,,
,..,,-,True,,
,..,,-,True,,
,..,,-,True,,
,..,,-,True,,
,..,,-,True,,
,..,,-,True,,
,..,,-,True,,
,..,,-,True,,
,..,,-,True,,
,..,,...,True,,
,..,,...,True,,
,..,,-,True,,
,..,,-,True,,
,..,,-,True,,
,..,,-,True,,
,..,,-,True,,
,..,,-,True,,
,..,,-,True,,
,..,,-,True,,
,..,,-,True,,
,..,,...,True,,
,..,,-,True,,
,..,,-,True,,
,..,,-,True,,
,..,,-,True,,
,..,,-,True,,
,..,,-,True,,
,..,,-,True,,
,..,,-,True,,
,..,,...,True,,
,..,,-,True,,
,..,,...,True,,
,..,,-,True,,
,..,,-,True,,
,..,,-,True,,
,..,,-,True,,
,..,,-,True,,
,..,,-,True,,
,..,,-,True,,
,..,,...,True,,
,..,,-,True,,
,..,,-,True,,
,..,,-,True,,
,..,,-,True,,
,..,,...,True,,
,..,,-,True,,
,..,,-,True,,
,..,,-,True,,
,..,,-,True,,
,..,,-,True,,
,..,,-,True,,
,..,,-,True,,
,..,,-,True,,
,..,,-,True,,
,..,,-,True,,
,..,,-,True,,
,..,,-,True,,
,..,,-,True,,
,..,,-,True,,
,..,,-,True,,
,..,,-,True,,
,..,,-,True,,
,..,,-,True,,
,..,,-,True,,
,..,,-,True,,
,..,,-,True,,
,..,,-,True,,
,..,,-,True,,
,..,,-,True,,
,..,,-,True,,
,..,,-,True,,
,..,,-,True,,
,..,,-,True,,
,..,,...,True,,
,..,,-,True,,
,..,,-,True,,
,..,,-,True,,
,..,,-,True,,
,..,,-,True,,
,..,,-,True,,
,..,,-,True,,
,..,,-,True,,
,..,,-,True,,
,..,,-,True,,
,..,,-,True,,
,..,,-,True,,
,..,,-,True,,
,..,,-,True,,
,..,,-,True,,
,..,,-,True,,
,..,,-,True,,
,..,,-,True,,
,..,,-,True,,
,..,,-,True,,
,..,,-,True,,
,..,,-,True,,
,..,,...,True,,
,..,,-,True,,
,..,,-,True,,
,..,,-,True,,
,..,,-,True,,
,..,,-,True,,
,..,,-,True,,
,..,,-,True,,
,..,,...,True,,
,..,,-,True,,
,..,,-,True,,
,..,,...,True,,
,..,,...,True,,
,..,,-,True,,
,..,,-,True,,
,..,,-,True,,
,..,,-,True,,
,..,,...,True,,
,..,,-,True,,
,..,,...,True,,
,..,,-,True,,
,..,,-,True,,
,..,,...,True,,
,..,,-,True,,
,..,,...,True,,
,..,,-,True,,
,..,,-,True,,
,..,,-,True,,
,..,,-,True,,
,..,,-,True,,
,..,,...,True,,
,..,,-,True,,
,..,,-,True,,
,..,,-,True,,
,..,,-,True,,
,..,,-,True,,
,..,,-,True,,
,..,,-,True,,
,..,,-,True,,
,..,,-,True,,
,..,,-,True,,
,..,,...,True,,
,..,,-,True,,
,..,,-,True,,
,..,,-,True,,
,..,,-,True,,
,..,,-,True,,
,..,,-,True,,
,..,,-,True,,
,..,,-,True,,
,..,,-,True,,
,..,,-,True,,
,..,,-,True,,
,..,,-,True,,
,..,,-,True,,
,..,,-,True,,
,..,,...,True,,
,..,,-,True,,
,..,,-,True,,
,..,,...,True,,
,..,,...,True,,
,..,,-,True,,
,..,,-,True,,
,..,,-,True,,
,..,,...,True,,
,..,,-,True,,
,..,,-,True,,
,..,,-,True,,
,..,,...,True,,
,..,,-,True,,
,..,,-,True,,
,..,,-,True,,
,..,,-,True,,
,..,,-,True,,
,..,,-,True,,
,..,,...,True,,
,..,,-,True,,
,..,,-,True,,
,..,,-,True,,
,..,,-,True,,
,..,,-,True,,
,..,,-,True,,
,..,,-,True,,
,..,,...,True,,
,..,,-,True,,
,..,,-,True,,
,..,,-,True,,
,..,,-,True,,
,..,,-,True,,
,..,,-,True,,
,..,,-,True,,
,..,,-,True,,
,..,,-,True,,
,..,,-,True,,
,..,,...,True,,
,..,,...,True,,
,..,,-,True,,
,..,,-,True,,
,..,,-,True,,
,..,,-,True,,
,..,,-,True,,
,..,,-,True,,
,..,,...,True,,
,..,,-,True,,
,..,,-,True,,
,..,,-,True,,
,..,,-,True,,
,..,,...,True,,
,..,,-,True,,
,..,,-,True,,
,..,,...,True,,
,..,,-,True,,
,..,,-,True,,
,..,,-,True,,
,..,,-,True,,
,..,,...,True,,
,..,,...,True,,
,..,,...,True,,
,..,,...,True,,
,..,,-,True,,
,..,,-,True,,
,..,,-,True,,
,..,,-,True,,
,..,,-,True,,
,..,,-,True,,
,..,,...,True,,
,..,,-,True,,
,..,,-,True,,
,..,,-,True,,
,..,,-,True,,
,..,,...,True,,
,..,,-,True,,
,..,,-,True,,
,..,,-,True,,
,..,,...,True,,
,..,,-,True,,
,..,,-,True,,
,..,,-,True,,
,..,,-,True,,
,..,,-,True,,
,..,,-,True,,
,..,,-,True,,
,..,,...,True,,
,..,,...,True,,
,..,,-,True,,
,..,,-,True,,
,..,,-,True,,
,..,,-,True,,
,..,,-,True,,
,..,,-,True,,
,..,,...,True,,
,..,,-,True,,
,..,,-,True,,
,..,,-,True,,
,..,,-,True,,
,..,,-,True,,
,..,,...,True,,
,..,,-,True,,
,..,,-,True,,
,..,,-,True,,
,..,,-,True,,
,..,,-,True,,
,..,,...,True,,
,..,,-,True,,
,..,,-,True,,
,..,,-,True,,
,..,,...,True,,
,..,,4500,True,,
,..,,-,True,,
,..,,-,True,,
,..,,-,True,,
,..,,...,True,,
,..,,-,True,,
,..,,-,True,,
,..,,-,True,,
,..,,-,True,,
,..,,-,True,,
,..,,-,True,,
,..,,-,True,,
,..,,-,True,,
,..,,-,True,,
,..,,-,True,,
,..,,...,True,,
,..,,-,True,,
,..,,...,True,,
,..,,-,True,,
,..,,-,True,,
,..,,...,True,,
,..,,-,True,,
,..,,-,True,,
,..,,-,True,,
,..,,-,True,,
,..,,...,True,,
,..,,-,True,,
,..,,-,True,,
,..,,-,True,,
,..,,-,True,,
,..,,...,True,,
,..,,-,True,,
,..,,-,True,,
,..,,...,True,,
,..,,...,True,,
,..,,-,True,,
,..,,-,True,,
,..,,-,True,,
,..,,-,True,,
,..,,...,True,,
,..,,-,True,,
,..,,-,True,,
,..,,...,True,,
,..,,-,True,,
,..,,-,True,,
,..,,-,True,,
,..,,-,True,,
,..,,-,True,,
,..,,-,True,,
,..,,-,True,,
,..,,-,True,,
,..,,-,True,,
,..,,-,True,,
,..,,-,True,,
,..,,-,True,,
,..,,-,True,,
,..,,-,True,,
,..,,...,True,,
,..,,-,True,,
,..,,-,True,,
,..,,-,True,,
,..,,-,True,,
,..,,-,True,,
,..,,...,True,,
,..,,-,True,,
,..,,-,True,,
,..,,...,True,,
,..,,-,True,,
,..,,...,True,,
,..,,-,True,,
,..,,-,True,,
,..,,-,True,,
,..,,...,True,,
,..,,-,True,,
,..,,...,True,,
,..,,-,True,,
,..,,-,True,,
,..,,-,True,,
,..,,-,True,,
,..,,-,True,,
,..,,-,True,,
,..,,-,True,,
,..,,1500,True,,
,..,,-,True,,
,..,,-,True,,
,..,,-,True,,
,..,,-,True,,
,..,,1688,True,,
,..,,-,True,,
,..,,-,True,,
,..,,-,True,,
,..,,-,True,,
,..,,-,True,,
,..,,-,True,,
,..,,-,True,,
,..,,-,True,,
,..,,-,True,,
,..,,-,True,,
,..,,-,True,,
,..,,-,True,,
,..,,-,True,,
,..,,-,True,,
,..,,-,True,,
,..,,-,True,,
,..,,-,True,,
,..,,-,True,,
,..,,-,True,,
,..,,-,True,,
,..,,-,True,,
,..,,-,True,,
,..,,-,True,,
,..,,-,True,,
,..,,-,True,,
,..,,-,True,,
,..,,-,True,,
,..,,-,True,,
,..,,2125,True,,
,..,,-,True,,
,..,,-,True,,
,..,,-,True,,
,..,,-,True,,
,..,,-,True,,
,..,,...,True,,
,..,,-,True,,
,..,,-,True,,
,..,,-,True,,
,..,,1600,True,,
,..,,-,True,,
,..,,-,True,,
,..,,-,True,,
,..,,-,True,,
,..,,-,True,,
,..,,-,True,,
,..,,-,True,,
,..,,-,True,,
,..,,-,True,,
,..,,-,True,,
,..,,-,True,,
,..,,-,True,,
,..,,-,True,,
,..,,-,True,,
,..,,-,True,,
,..,,-,True,,
,..,,-,True,,
,..,,-,True,,
,..,,-,True,,
,..,,-,True,,
,..,,3000,True,,
,..,,-,True,,
,..,,-,True,,
,..,,-,True,,
,..,,-,True,,
,..,,1625,True,,
,..,,-,True,,
,..,,-,True,,
,..,,-,True,,
,..,,-,True,,
,..,,-,True,,
,..,,-,True,,
,..,,-,True,,
,..,,-,True,,
,..,,-,True,,
,..,,-,True,,
,..,,-,True,,
,..,,-,True,,
,..,,-,True,,
,..,,-,True,,
,..,,-,True,,
,..,,-,True,,
,..,,-,True,,
,..,,-,True,,
,..,,-,True,,
,..,,-,True,,
,..,,-,True,,
,..,,-,True,,
,..,,-,True,,
,..,,-,True,,
,..,,...,True,,
,..,,-,True,,
,..,,-,True,,
,..,,-,True,,
,..,,-,True,,
,..,,-,True,,
,..,,-,True,,
,..,,-,True,,
,..,,-,True,,
,..,,-,True,,
,..,,-,True,,
,..,,-,True,,
,..,,-,True,,
,..,,-,True,,
,..,,-,True,,
,..,,...,True,,
,..,,-,True,,
,..,,-,True,,
,..,,-,True,,
,..,,...,True,,
,..,,-,True,,
,..,,-,True,,
,..,,...,True,,
,..,,...,True,,
,..,,-,True,,
,..,,-,True,,
,..,,-,True,,
,..,,-,True,,
,..,,-,True,,
,..,,-,True,,
,..,,...,True,,
,..,,-,True,,
,..,,-,True,,
,..,,-,True,,
,..,,-,True,,
,..,,-,True,,
,..,,...,True,,
,..,,-,True,,
,..,,-,True,,
,..,,-,True,,
,..,,-,True,,
,..,,-,True,,
,..,,-,True,,
,..,,...,True,,
,..,,-,True,,
,..,,...,True,,
,..,,-,True,,
,..,,-,True,,
,..,,...,True,,
,..,,-,True,,
,..,,...,True,,
,..,,-,True,,
,..,,-,True,,
,..,,...,True,,
,..,,-,True,,
,..,,-,True,,
,..,,-,True,,
,..,,-,True,,
,..,,...,True,,
,..,,-,True,,
,..,,-,True,,
,..,,-,True,,
,..,,-,True,,
,..,,-,True,,
,..,,-,True,,
,..,,-,True,,
,..,,-,True,,
,..,,-,True,,
,..,,-,True,,
,..,,-,True,,
,..,,-,True,,
,..,,...,True,,
,..,,-,True,,
,..,,-,True,,
,..,,-,True,,
,..,,-,True,,
,..,,-,True,,
,..,,...,True,,
,..,,-,True,,
,..,,-,True,,
,..,,3000,True,,
,..,,-,True,,
,..,,-,True,,
,..,,-,True,,
,..,,-,True,,
,..,,-,True,,
,..,,-,True,,
,..,,-,True,,
,..,,-,True,,
,..,,...,True,,
,..,,-,True,,
,..,,...,True,,
,..,,-,True,,
,..,,...,True,,
,..,,-,True,,
,..,,-,True,,
,..,,2000,True,,
,..,,-,True,,
,..,,-,True,,
,..,,-,True,,
,..,,-,True,,
,..,,5500,True,,
,..,,-,True,,
,..,,-,True,,
,..,,-,True,,
,..,,...,True,,
,..,,-,True,,
,..,,-,True,,
,..,,-,True,,
,..,,-,True,,
,..,,-,True,,
,..,,6000,True,,
,..,,-,True,,
,..,,-,True,,
,..,,-,True,,
,..,,1245,True,,
,..,,3000,True,,
,..,,-,True,,
,..,,-,True,,
,..,,3400,True,,
,..,,-,True,,
,..,,-,True,,
,..,,-,True,,
,..,,-,True,,
,..,,-,True,,
,..,,-,True,,
,..,,-,True,,
,..,,-,True,,
,..,,-,True,,
,..,,...,True,,
,..,,-,True,,
,..,,-,True,,
,..,,-,True,,
,..,,-,True,,
,..,,-,True,,
,..,,-,True,,
,..,,-,True,,
,..,,-,True,,
,..,,-,True,,
,..,,-,True,,
,..,,-,True,,
,..,,-,True,,
,..,,-,True,,
,..,,-,True,,
,..,,-,True,,
,..,,2414,True,,
,..,,-,True,,
,..,,-,True,,
,..,,-,True,,
,..,,-,True,,
,..,,5833,True,,
,..,,...,True,,
,..,,-,True,,
,..,,-,True,,
,..,,-,True,,
,..,,-,True,,
,..,,-,True,,
,..,,-,True,,
,..,,-,True,,
,..,,-,True,,
,..,,-,True,,
,..,,-,True,,
,..,,-,True,,
,..,,-,True,,
,..,,-,True,,
,..,,-,True,,
,..,,-,True,,
,..,,-,True,,
,..,,-,True,,
,..,,-,True,,
,..,,-,True,,
,..,,-,True,,
,..,,-,True,,
,..,,-,True,,
,..,,-,True,,
,..,,-,True,,
,..,,-,True,,
,..,,...,True,,
,..,,-,True,,
,..,,-,True,,
,..,,-,True,,
,..,,...,True,,
,..,,-,True,,
,..,,-,True,,
,..,,-,True,,
,..,,-,True,,
,..,,-,True,,
,..,,-,True,,
,..,,-,True,,
,..,,-,True,,
,..,,-,True,,
,..,,-,True,,
,..,,-,True,,
,..,,-,True,,
,..,,-,True,,
,..,,-,True,,
,..,,-,True,,
,..,,-,True,,
,..,,-,True,,
,..,,-,True,,
,..,,-,True,,
,..,,-,True,,
,..,,-,True,,
,..,,-,True,,
,..,,...,True,,
,..,,-,True,,
,..,,-,True,,
,..,,-,True,,
,..,,-,True,,
,..,,-,True,,
,..,,-,True,,
,..,,-,True,,
,..,,-,True,,
,..,,-,True,,
,..,,-,True,,
,..,,...,True,,
,..,,-,True,,
,..,,-,True,,
,..,,-,True,,
,..,,-,True,,
,..,,-,True,,
,..,,-,True,,
,..,,-,True,,
,..,,-,True,,
,..,,-,True,,
,..,,...,True,,
,..,,-,True,,
,..,,-,True,,
,..,,-,True,,
,..,,-,True,,
,..,,-,True,,
,..,,-,True,,
,..,,-,True,,
,..,,...,True,,
,..,,-,True,,
,..,,-,True,,
,..,,-,True,,
,..,,3852,True,,
,..,,-,True,,
,..,,...,True,,
,..,,-,True,,
,..,,-,True,,
,..,,-,True,,
,..,,-,True,,
,..,,-,True,,
,..,,-,True,,
,..,,-,True,,
,..,,-,True,,
,..,,-,True,,
,..,,-,True,,
,..,,-,True,,
,..,,-,True,,
,..,,-,True,,
,..,,6000,True,,
,..,,-,True,,
,..,,-,True,,
,..,,-,True,,
,..,,-,True,,
,..,,2336,True,,
,..,,1227,True,,
,..,,-,True,,
,..,,-,True,,
,..,,-,True,,
,..,,2222,True,,
,..,,-,True,,
,..,,-,True,,
,..,,-,True,,
,..,,-,True,,
,..,,-,True,,
,..,,-,True,,
,..,,-,True,,
,..,,-,True,,
,..,,-,True,,
,..,,-,True,,
,..,,-,True,,
,..,,-,True,,
,..,,-,True,,
,..,,-,True,,
,..,,-,True,,
,..,,-,True,,
,..,,-,True,,
,..,,-,True,,
,..,,1875,True,,
,..,,-,True,,
,..,,-,True,,
,..,,-,True,,
,..,,4000,True,,
,..,,-,True,,
,..,,-,True,,
,..,,5500,True,,
,..,,-,True,,
,..,,-,True,,
,..,,-,True,,
,..,,-,True,,
,..,,-,True,,
,..,,-,True,,
,..,,-,True,,
,..,,-,True,,
,..,,-,True,,
,..,,-,True,,
,..,,-,True,,
,..,,-,True,,
,..,,-,True,,
,..,,-,True,,
,..,,-,True,,
,..,,-,True,,
,..,,-,True,,
,..,,-,True,,
,..,,-,True,,
,..,,...,True,,
,..,,-,True,,
,..,,-,True,,
,..,,-,True,,
,..,,...,True,,
,..,,...,True,,
,..,,-,True,,
,..,,...,True,,
,..,,-,True,,
,..,,-,True,,
,..,,-,True,,
,..,,-,True,,
,..,,-,True,,
,..,,-,True,,
,..,,1400,True,,
,..,,-,True,,
,..,,-,True,,
,..,,-,True,,
,..,,-,True,,
,..,,-,True,,
,..,,-,True,,
,..,,-,True,,
,..,,-,True,,
,..,,-,True,,
,..,,-,True,,
,..,,-,True,,
,..,,-,True,,
,..,,-,True,,
,..,,-,True,,
,..,,-,True,,
,..,,-,True,,
,..,,-,True,,
,..,,-,True,,
,..,,-,True,,
,..,,-,True,,
,..,,1000,True,,
,..,,-,True,,
,..,,-,True,,
,..,,-,True,,
,..,,-,True,,
,..,,-,True,,
,..,,-,True,,
,..,,-,True,,
,..,,-,True,,
,..,,-,True,,
,..,,-,True,,
,..,,-,True,,
,..,,-,True,,
,..,,-,True,,
,..,,-,True,,
,..,,-,True,,
,..,,-,True,,
,..,,-,True,,
,..,,-,True,,
,..,,-,True,,
,..,,...,True,,
,..,,-,True,,
,..,,5000,True,,
,..,,-,True,,
,..,,...,True,,
,..,,-,True,,
,..,,-,True,,
,..,,-,True,,
,..,,-,True,,
,..,,-,True,,
,..,,-,True,,
,..,,...,True,,
,..,,-,True,,
,..,,-,True,,
,..,,-,True,,
,..,,-,True,,
,..,,-,True,,
,..,,-,True,,
,..,,-,True,,
,..,,-,True,,
,..,,2600,True,,
,..,,-,True,,
,..,,-,True,,
,..,,-,True,,
,..,,-,True,,
,..,,-,True,,
,..,,-,True,,
,..,,-,True,,
,..,,...,True,,
,..,,...,True,,
,..,,-,True,,
,..,,-,True,,
,..,,-,True,,
,..,,-,True,,
,..,,-,True,,
,..,,-,True,,
,..,,-,True,,
,..,,-,True,,
,..,,-,True,,
,..,,-,True,,
,..,,-,True,,
,..,,-,True,,
,..,,-,True,,
,..,,-,True,,
,..,,-,True,,
,..,,-,True,,
,..,,...,True,,
,..,,-,True,,
,..,,3500,True,,
,..,,-,True,,
,..,,-,True,,
,..,,-,True,,
,..,,-,True,,
,..,,-,True,,
,..,,-,True,,
,..,,...,True,,
,..,,-,True,,
,..,,-,True,,
,..,,-,True,,
,..,,-,True,,
,..,,...,True,,
,..,,-,True,,
,..,,-,True,,
,..,,-,True,,
,..,,-,True,,
,..,,-,True,,
,..,,-,True,,
,..,,-,True,,
,..,,...,True,,
,..,,-,True,,
,..,,...,True,,
,..,,-,True,,
,..,,-,True,,
,..,,-,True,,
,..,,-,True,,
,..,,-,True,,
,..,,-,True,,
,..,,-,True,,
,..,,-,True,,
,..,,-,True,,
,..,,-,True,,
,..,,-,True,,
,..,,-,True,,
,..,,...,True,,
,..,,-,True,,
,..,,...,True,,
,..,,-,True,,
,..,,-,True,,
,..,,-,True,,
,..,,-,True,,
,..,,-,True,,
,..,,-,True,,
,..,,-,True,,
,..,,-,True,,
,..,,...,True,,
,..,,867,True,,
,..,,-,True,,
,..,,-,True,,
,..,,-,True,,
,..,,-,True,,
,..,,-,True,,
,..,,-,True,,
,..,,-,True,,
,..,,-,True,,
,..,,-,True,,
,..,,1000,True,,
,..,,1594,True,,
,..,,-,True,,
,..,,-,True,,
,..,,-,True,,
,..,,3000,True,,
,..,,-,True,,
,..,,1553,True,,
,..,,-,True,,
,..,,1403,True,,
,..,,-,True,,
,..,,-,True,,
,..,,...,True,,
,..,,-,True,,
,..,,-,True,,
,..,,-,True,,
,..,,-,True,,
,..,,-,True,,
,..,,-,True,,
,..,,-,True,,
,..,,-,True,,
,..,,-,True,,
,..,,-,True,,
,..,,-,True,,
,..,,-,True,,
,..,,-,True,,
,..,,-,True,,
,..,,-,True,,
,..,,-,True,,
,..,,-,True,,
,..,,-,True,,
,..,,-,True,,
,..,,-,True,,
,..,,-,True,,
,..,,-,True,,
,..,,-,True,,
,..,,-,True,,
,..,,-,True,,
,..,,-,True,,
,..,,-,True,,
,..,,-,True,,
,..,,-,True,,
,..,,-,True,,
,..,,-,True,,
,..,,-,True,,
,..,,-,True,,
,..,,-,True,,
,..,,-,True,,
,..,,-,True,,
,..,,-,True,,
,..,,-,True,,
,..,,-,True,,
,..,,-,True,,
,..,,-,True,,
,..,,-,True,,
,..,,-,True,,
,..,,-,True,,
,..,,-,True,,
,..,,-,True,,
,..,,-,True,,
,..,,-,True,,
,..,,-,True,,
,..,,-,True,,
,..,,-,True,,
,..,,-,True,,
,..,,-,True,,
,..,,-,True,,
,..,,-,True,,
,..,,-,True,,
,..,,-,True,,
,..,,-,True,,
,..,,-,True,,
,..,,-,True,,
,..,,-,True,,
,..,,-,True,,
,..,,-,True,,
,..,,-,True,,
,..,,-,True,,
,..,,-,True,,
,..,,-,True,,
,..,,-,True,,
,..,,-,True,,
,..,,-,True,,
,..,,-,True,,
,..,,-,True,,
,..,,...,True,,
,..,,-,True,,
,..,,...,True,,
,..,,-,True,,
,..,,-,True,,
,..,,-,True,,
,..,,-,True,,
,..,,-,True,,
,..,,-,True,,
,..,,-,True,,
,..,,-,True,,
,..,,-,True,,
,..,,-,True,,
,..,,-,True,,
,..,,-,True,,
,..,,-,True,,
,..,,-,True,,
,..,,-,True,,
,..,,-,True,,
,..,,-,True,,
,..,,-,True,,
,..,,-,True,,
,..,,-,True,,
,..,,-,True,,
,..,,-,True,,
,..,,-,True,,
,..,,-,True,,
,..,,-,True,,
,..,,-,True,,
,..,,-,True,,
,..,,...,True,,
,..,,-,True,,
,..,,-,True,,
,..,,-,True,,
,..,,-,True,,
,..,,-,True,,
,..,,-,True,,
,..,,-,True,,
,..,,-,True,,
,..,,-,True,,
,..,,-,True,,
,..,,...,True,,
,..,,-,True,,
,..,,-,True,,
,..,,-,True,,
,..,,-,True,,
,..,,-,True,,
,..,,-,True,,
,..,,-,True,,
,..,,-,True,,
,..,,-,True,,
,..,,-,True,,
,..,,-,True,,
,..,,-,True,,
,..,,-,True,,
,..,,-,True,,
,..,,-,True,,
,..,,...,True,,
,..,,-,True,,
,..,,-,True,,
,..,,-,True,,
,..,,-,True,,
,..,,-,True,,
,..,,-,True,,
,..,,-,True,,
,..,,-,True,,
,..,,-,True,,
,..,,-,True,,
,..,,-,True,,
,..,,-,True,,
,..,,-,True,,
,..,,-,True,,
,..,,-,True,,
,..,,-,True,,
,..,,-,True,,
,..,,-,True,,
,..,,-,True,,
,..,,-,True,,
,..,,-,True,,
,..,,-,True,,
,..,,-,True,,
,..,,-,True,,
,..,,-,True,,
,..,,-,True,,
,..,,-,True,,
,..,,-,True,,
,..,,...,True,,
,..,,-,True,,
,..,,-,True,,
,..,,-,True,,
,..,,-,True,,
,..,,-,True,,
,..,,-,True,,
,..,,-,True,,
,..,,-,True,,
,..,,-,True,,
,..,,-,True,,
,..,,...,True,,
,..,,-,True,,
,..,,-,True,,
,..,,-,True,,
,..,,-,True,,
,..,,-,True,,
,..,,-,True,,
,..,,-,True,,
,..,,-,True,,
,..,,...,True,,
,..,,-,True,,
,..,,...,True,,
,..,,-,True,,
,..,,-,True,,
,..,,-,True,,
,..,,-,True,,
,..,,-,True,,
,..,,-,True,,
,..,,-,True,,
,..,,-,True,,
,..,,-,True,,
,..,,-,True,,
,..,,-,True,,
,..,,-,True,,
,..,,-,True,,
,..,,-,True,,
,..,,-,True,,
,..,,-,True,,
,..,,-,True,,
,..,,-,True,,
,..,,-,True,,
,..,,-,True,,
,..,,-,True,,
,..,,-,True,,
,..,,-,True,,
,..,,...,True,,
,..,,...,True,,
,..,,-,True,,
,..,,-,True,,
,..,,-,True,,
,..,,-,True,,
,..,,-,True,,
,..,,-,True,,
,..,,-,True,,
,..,,-,True,,
,..,,-,True,,
,..,,-,True,,
,..,,-,True,,
,..,,-,True,,
,..,,-,True,,
,..,,-,True,,
,..,,-,True,,
,..,,-,True,,
,..,,-,True,,
,..,,-,True,,
,..,,-,True,,
,..,,-,True,,
,..,,-,True,,
,..,,-,True,,
,..,,-,True,,
,..,,-,True,,
,..,,-,True,,
,..,,-,True,,
,..,,-,True,,
,..,,-,True,,
,..,,-,True,,
,..,,-,True,,
,..,,-,True,,
,..,,-,True,,
,..,,-,True,,
,..,,-,True,,
,..,,-,True,,
,..,,-,True,,
,..,,-,True,,
,..,,-,True,,
,..,,-,True,,
,..,,-,True,,
,..,,-,True,,
,..,,-,True,,
,..,,-,True,,
,..,,...,True,,
,..,,-,True,,
,..,,-,True,,
,..,,-,True,,
,..,,-,True,,
,..,,-,True,,
,..,,-,True,,
,..,,-,True,,
,..,,-,True,,
,..,,-,True,,
,..,,-,True,,
,..,,-,True,,
,..,,-,True,,
,..,,-,True,,
,..,,-,True,,
,..,,-,True,,
,..,,...,True,,
,..,,...,True,,
,..,,...,True,,
,..,,-,True,,
,..,,-,True,,
,..,,-,True,,
,..,,-,True,,
,..,,-,True,,
,..,,-,True,,
,..,,-,True,,
,..,,-,True,,
,..,,-,True,,
,..,,-,True,,
,..,,-,True,,
,..,,-,True,,
,..,,-,True,,
,..,,-,True,,
,..,,-,True,,
,..,,-,True,,
,..,,-,True,,
,..,,-,True,,
,..,,-,True,,
,..,,...,True,,
,..,,-,True,,
,..,,-,True,,
,..,,-,True,,
,..,,-,True,,
,..,,-,True,,
,..,,-,True,,
,..,,-,True,,
,..,,-,True,,
,..,,-,True,,
,..,,-,True,,
,..,,-,True,,
,..,,-,True,,
,..,,-,True,,
,..,,-,True,,
,..,,...,True,,
,..,,-,True,,
,..,,-,True,,
,..,,-,True,,
,..,,-,True,,
,..,,-,True,,
,..,,-,True,,
,..,,-,True,,
,..,,-,True,,
,..,,-,True,,
,..,,-,True,,
,..,,-,True,,
,..,,-,True,,
,..,,-,True,,
,..,,-,True,,
,..,,-,True,,
,..,,-,True,,
,..,,-,True,,
,..,,-,True,,
,..,,-,True,,
,..,,-,True,,
,..,,-,True,,
,..,,-,True,,
,..,,-,True,,
,..,,-,True,,
,..,,-,True,,
,..,,-,True,,
,..,,-,True,,
,..,,-,True,,
,..,,-,True,,
,..,,-,True,,
,..,,-,True,,
,..,,-,True,,
,..,,-,True,,
,..,,-,True,,
,..,,-,True,,
,..,,-,True,,
,..,,-,True,,
,..,,-,True,,
,..,,-,True,,
,..,,-,True,,
,..,,...,True,,
,..,,...,True,,
,..,,-,True,,
,..,,-,True,,
,..,,-,True,,
,..,,-,True,,
,..,,-,True,,
,..,,-,True,,
,..,,...,True,,
,..,,-,True,,
,..,,-,True,,
,..,,-,True,,
,..,,-,True,,
,..,,-,True,,
,..,,-,True,,
,..,,-,True,,
,..,,-,True,,
,..,,-,True,,
,..,,-,True,,
,..,,-,True,,
,..,,-,True,,
,..,,-,True,,
,..,,-,True,,
,..,,...,True,,
,..,,-,True,,
,..,,-,True,,
,..,,-,True,,
,..,,-,True,,
,..,,-,True,,
,..,,-,True,,
,..,,-,True,,
,..,,-,True,,
,..,,-,True,,
,..,,-,True,,
,..,,-,True,,
,..,,-,True,,
,..,,-,True,,
,..,,-,True,,
,..,,-,True,,
,..,,-,True,,
,..,,-,True,,
,..,,-,True,,
,..,,-,True,,
,..,,-,True,,
,..,,-,True,,
,..,,-,True,,
,..,,-,True,,
,..,,-,True,,
,..,,-,True,,
,..,,-,True,,
,..,,-,True,,
,..,,-,True,,
,..,,-,True,,
,..,,-,True,,
,..,,-,True,,
,..,,-,True,,
,..,,-,True,,
,..,,-,True,,
,..,,-,True,,
,..,,-,True,,
,..,,...,True,,
,..,,-,True,,
,..,,-,True,,
,..,,-,True,,
,..,,-,True,,
,..,,-,True,,
,..,,-,True,,
,..,,-,True,,
,..,,-,True,,
,..,,-,True,,
,..,,-,True,,
,..,,-,True,,
,..,,-,True,,
,..,,-,True,,
,..,,-,True,,
,..,,-,True,,
,..,,...,True,,
,..,,-,True,,
,..,,-,True,,
,..,,-,True,,
,..,,-,True,,
,..,,-,True,,
,..,,-,True,,
,..,,-,True,,
,..,,-,True,,
,..,,-,True,,
,..,,-,True,,
,..,,-,True,,
,..,,...,True,,
,..,,-,True,,
,..,,-,True,,
,..,,-,True,,
,..,,...,True,,
,..,,-,True,,
,..,,-,True,,
,..,,-,True,,
,..,,-,True,,
,..,,-,True,,
,..,,-,True,,
,..,,-,True,,
,..,,-,True,,
,..,,-,True,,
,..,,-,True,,
,..,,-,True,,
,..,,-,True,,
,..,,-,True,,
,..,,...,True,,
,..,,-,True,,
,..,,-,True,,
,..,,...,True,,
,..,,-,True,,
,..,,-,True,,
,..,,-,True,,
,..,,-,True,,
,..,,...,True,,
,..,,-,True,,
,..,,-,True,,
,..,,-,True,,
,..,,...,True,,
,..,,-,True,,
,..,,-,True,,
,..,,-,True,,
,..,,-,True,,
,..,,-,True,,
,..,,-,True,,
,..,,-,True,,
,..,,-,True,,
,..,,-,True,,
,..,,-,True,,
,..,,-,True,,
,..,,-,True,,
,..,,-,True,,
,..,,-,True,,
,..,,-,True,,
,..,,-,True,,
,..,,-,True,,
,..,,-,True,,
,..,,-,True,,
,..,,-,True,,
,..,,-,True,,
,..,,-,True,,
,..,,...,True,,
,..,,-,True,,
,..,,-,True,,
,..,,-,True,,
,..,,-,True,,
,..,,-,True,,
,..,,-,True,,
,..,,-,True,,
,..,,-,True,,
,..,,...,True,,
,..,,-,True,,
,..,,-,True,,
,..,,...,True,,
,..,,-,True,,
,..,,...,True,,
,..,,-,True,,
,..,,-,True,,
,..,,-,True,,
,..,,-,True,,
,..,,-,True,,
,..,,-,True,,
,..,,-,True,,
,..,,-,True,,
,..,,-,True,,
,..,,-,True,,
,..,,-,True,,
,..,,-,True,,
,..,,-,True,,
,..,,-,True,,
,..,,-,True,,
,..,,-,True,,
,..,,-,True,,
,..,,-,True,,
,..,,-,True,,
,..,,-,True,,
,..,,-,True,,
,..,,-,True,,
,..,,-,True,,
,..,,-,True,,
,..,,-,True,,
,..,,-,True,,
,..,,-,True,,
,..,,-,True,,
,..,,-,True,,
,..,,-,True,,
,..,,-,True,,
,..,,-,True,,
,..,,-,True,,
,..,,-,True,,
,..,,...,True,,
,..,,-,True,,
,..,,-,True,,
,..,,-,True,,
,..,,-,True,,
,..,,-,True,,
,..,,-,True,,
,..,,-,True,,
,..,,-,True,,
,..,,-,True,,
,..,,-,True,,
,..,,-,True,,
,..,,-,True,,
,..,,-,True,,
,..,,-,True,,
,..,,-,True,,
,..,,-,True,,
,..,,-,True,,
,..,,-,True,,
,..,,-,True,,
,..,,-,True,,
,..,,-,True,,
,..,,-,True,,
,..,,-,True,,
,..,,-,True,,
,..,,-,True,,
,..,,-,True,,
,..,,-,True,,
,..,,-,True,,
,..,,-,True,,
,..,,-,True,,
,..,,-,True,,
,..,,-,True,,
,..,,-,True,,
,..,,-,True,,
,..,,-,True,,
,..,,-,True,,
,..,,-,True,,
,..,,-,True,,
,..,,-,True,,
,..,,-,True,,
,..,,-,True,,
,..,,-,True,,
,..,,-,True,,
,..,,-,True,,
,..,,-,True,,
,..,,-,True,,
,..,,-,True,,
,..,,-,True,,
,..,,-,True,,
,..,,-,True,,
,..,,-,True,,
,..,,-,True,,
,..,,-,True,,
,..,,-,True,,
,..,,-,True,,
,..,,-,True,,
,..,,-,True,,
,..,,-,True,,
,..,,-,True,,
,..,,-,True,,
,..,,-,True,,
,..,,-,True,,
,..,,-,True,,
,..,,-,True,,
,..,,-,True,,
,..,,-,True,,
,..,,-,True,,
,..,,-,True,,
,..,,-,True,,
,..,,-,True,,
,..,,-,True,,
,..,,-,True,,
,..,,-,True,,
,..,,-,True,,
,..,,-,True,,
,..,,-,True,,
,..,,-,True,,
,..,,-,True,,
,..,,-,True,,
,..,,-,True,,
,..,,-,True,,
,..,,-,True,,
,..,,-,True,,
,..,,-,True,,
,..,,-,True,,
,..,,-,True,,
,..,,-,True,,
,..,,-,True,,
,..,,-,True,,
,..,,-,True,,
,..,,-,True,,
,..,,-,True,,
,..,,-,True,,
,..,,-,True,,
,..,,-,True,,
,..,,-,True,,
,..,,-,True,,
,..,,-,True,,
,..,,-,True,,
,..,,...,True,,
,..,,-,True,,
,..,,-,True,,
,..,,-,True,,
,..,,-,True,,
,..,,-,True,,
,..,,-,True,,
,..,,-,True,,
,..,,-,True,,
,..,,-,True,,
,..,,-,True,,
,..,,-,True,,
,..,,-,True,,
,..,,-,True,,
,..,,-,True,,
,..,,-,True,,
,..,,...,True,,
,..,,...,True,,
,..,,-,True,,
,..,,-,True,,
,..,,-,True,,
,..,,-,True,,
,..,,-,True,,
,..,,-,True,,
,..,,-,True,,
,..,,-,True,,
,..,,-,True,,
,..,,-,True,,
,..,,...,True,,
,..,,-,True,,
,..,,-,True,,
,..,,-,True,,
,..,,-,True,,
,..,,-,True,,
,..,,-,True,,
,..,,-,True,,
,..,,-,True,,
,..,,-,True,,
,..,,-,True,,
,..,,-,True,,
,..,,-,True,,
,..,,-,True,,
,..,,-,True,,
,..,,-,True,,
,..,,-,True,,
,..,,-,True,,
,..,,...,True,,
,..,,-,True,,
,..,,-,True,,
,..,,-,True,,
,..,,-,True,,
,..,,-,True,,
,..,,-,True,,
,..,,-,True,,
,..,,-,True,,
,..,,-,True,,
,..,,-,True,,
,..,,-,True,,
,..,,-,True,,
,..,,-,True,,
,..,,-,True,,
,..,,-,True,,
,..,,-,True,,
,..,,-,True,,
,..,,-,True,,
,..,,-,True,,
,..,,-,True,,
,..,,...,True,,
,..,,-,True,,
,..,,-,True,,
,..,,-,True,,
,..,,-,True,,
,..,,-,True,,
,..,,-,True,,
,..,,-,True,,
,..,,-,True,,
,..,,-,True,,
,..,,-,True,,
,..,,-,True,,
,..,,-,True,,
,..,,-,True,,
,..,,-,True,,
,..,,-,True,,
,..,,-,True,,
,..,,-,True,,
,..,,-,True,,
,..,,-,True,,
,..,,-,True,,
,..,,-,True,,
,..,,-,True,,
,..,,-,True,,
,..,,-,True,,
,..,,-,True,,
,..,,-,True,,
,..,,-,True,,
,..,,-,True,,
,..,,-,True,,
,..,,-,True,,
,..,,-,True,,
,..,,-,True,,
,..,,-,True,,
,..,,-,True,,
,..,,-,True,,
,..,,-,True,,
,..,,-,True,,
,..,,-,True,,
,..,,-,True,,
,..,,-,True,,
,..,,-,True,,
,..,,-,True,,
,..,,-,True,,
,..,,-,True,,
,..,,-,True,,
,..,,-,True,,
,..,,-,True,,
,..,,-,True,,
,..,,-,True,,
,..,,-,True,,
,..,,-,True,,
,..,,-,True,,
,..,,-,True,,
,..,,-,True,,
,..,,-,True,,
,..,,-,True,,
,..,,-,True,,
,..,,-,True,,
,..,,-,True,,
,..,,...,True,,
,..,,-,True,,
,..,,-,True,,
,..,,-,True,,
,..,,-,True,,
,..,,-,True,,
,..,,-,True,,
,..,,-,True,,
,..,,-,True,,
,..,,-,True,,
,..,,-,True,,
,..,,-,True,,
,..,,-,True,,
,..,,-,True,,
,..,,-,True,,
,..,,-,True,,
,..,,-,True,,
,..,,-,True,,
,..,,-,True,,
,..,,-,True,,
,..,,-,True,,
,..,,-,True,,
,..,,-,True,,
,..,,-,True,,
,..,,-,True,,
,..,,-,True,,
,..,,-,True,,
,..,,-,True,,
,..,,-,True,,
,..,,-,True,,
,..,,...,True,,
,..,,-,True,,
,..,,-,True,,
,..,,-,True,,
,..,,-,True,,
,..,,-,True,,
,..,,-,True,,
,..,,-,True,,
,..,,-,True,,
,..,,-,True,,
,..,,-,True,,
,..,,-,True,,
,..,,-,True,,
,..,,-,True,,
,..,,-,True,,
,..,,-,True,,
,..,,-,True,,
,..,,-,True,,
,..,,-,True,,
,..,,-,True,,
,..,,-,True,,
,..,,-,True,,
,..,,-,True,,
,..,,-,True,,
,..,,-,True,,
,..,,-,True,,
,..,,-,True,,
,..,,-,True,,
,..,,-,True,,
,..,,-,True,,
,..,,-,True,,
,..,,-,True,,
,..,,-,True,,
,..,,-,True,,
,..,,-,True,,
,..,,-,True,,
,..,,-,True,,
,..,,-,True,,
,..,,-,True,,
,..,,-,True,,
,..,,-,True,,
,..,,-,True,,
,..,,...,True,,
,..,,-,True,,
,..,,-,True,,
,..,,-,True,,
,..,,-,True,,
,..,,-,True,,
,..,,-,True,,
,..,,-,True,,
,..,,-,True,,
,..,,-,True,,
,..,,-,True,,
,..,,-,True,,
,..,,-,True,,
,..,,...,True,,
,..,,-,True,,
,..,,-,True,,
,..,,-,True,,
,..,,-,True,,
,..,,...,True,,
,..,,-,True,,
,..,,-,True,,
,..,,-,True,,
,..,,-,True,,
,..,,-,True,,
,..,,-,True,,
,..,,-,True,,
,..,,-,True,,
,..,,-,True,,
,..,,-,True,,
,..,,-,True,,
,..,,-,True,,
,..,,-,True,,
,..,,-,True,,
,..,,3167,True,,
,..,,-,True,,
,..,,3000,True,,
,..,,-,True,,
,..,,-,True,,
,..,,-,True,,
,..,,-,True,,
,..,,-,True,,
,..,,-,True,,
,..,,-,True,,
,..,,-,True,,
,..,,-,True,,
,..,,-,True,,
,..,,-,True,,
,..,,4000,True,,
,..,,-,True,,
,..,,-,True,,
,..,,-,True,,
,..,,-,True,,
,..,,-,True,,
,..,,-,True,,
,..,,-,True,,
,..,,-,True,,
,..,,-,True,,
,..,,-,True,,
,..,,-,True,,
,..,,-,True,,
,..,,-,True,,
,..,,5000,True,,
,..,,-,True,,
,..,,-,True,,
,..,,-,True,,
,..,,-,True,,
,..,,-,True,,
,..,,-,True,,
,..,,-,True,,
,..,,-,True,,
,..,,-,True,,
,..,,-,True,,
,..,,-,True,,
,..,,-,True,,
,..,,-,True,,
,..,,-,True,,
,..,,-,True,,
,..,,-,True,,
,..,,-,True,,
,..,,-,True,,
,..,,-,True,,
,..,,-,True,,
,..,,-,True,,
,..,,-,True,,
,..,,-,True,,
,..,,-,True,,
,..,,-,True,,
,..,,-,True,,
,..,,-,True,,
,..,,-,True,,
,..,,3500,True,,
,..,,-,True,,
,..,,-,True,,
,..,,-,True,,
,..,,-,True,,
,..,,-,True,,
,..,,-,True,,
,..,,-,True,,
,..,,-,True,,
,..,,-,True,,
,..,,-,True,,
,..,,-,True,,
,..,,-,True,,
,..,,-,True,,
,..,,-,True,,
,..,,-,True,,
,..,,...,True,,
,..,,-,True,,
,..,,-,True,,
,..,,-,True,,
,..,,-,True,,
,..,,-,True,,
,..,,-,True,,
,..,,-,True,,
,..,,...,True,,
,..,,-,True,,
,..,,-,True,,
,..,,-,True,,
,..,,-,True,,
,..,,-,True,,
,..,,-,True,,
,..,,-,True,,
,..,,-,True,,
,..,,-,True,,
,..,,-,True,,
,..,,-,True,,
,..,,-,True,,
,..,,-,True,,
,..,,-,True,,
,..,,-,True,,
,..,,-,True,,
,..,,-,True,,
,..,,-,True,,
,..,,-,True,,
,..,,-,True,,
,..,,-,True,,
,..,,-,True,,
,..,,-,True,,
,..,,-,True,,
,..,,...,True,,
,..,,-,True,,
,..,,-,True,,
,..,,-,True,,
,..,,-,True,,
,..,,-,True,,
,..,,-,True,,
,..,,-,True,,
,..,,-,True,,
,..,,...,True,,
,..,,-,True,,
,..,,-,True,,
,..,,-,True,,
,..,,-,True,,
,..,,-,True,,
,..,,-,True,,
,..,,-,True,,
,..,,-,True,,
,..,,-,True,,
,..,,-,True,,
,..,,-,True,,
,..,,-,True,,
,..,,-,True,,
,..,,-,True,,
,..,,-,True,,
,..,,-,True,,
,..,,-,True,,
,..,,-,True,,
,..,,...,True,,
,..,,-,True,,
,..,,-,True,,
,..,,-,True,,
,..,,-,True,,
,..,,-,True,,
,..,,-,True,,
,..,,-,True,,
,..,,-,True,,
,..,,-,True,,
,..,,-,True,,
,..,,-,True,,
,..,,-,True,,
,..,,-,True,,
,..,,-,True,,
,..,,-,True,,
,..,,-,True,,
,..,,-,True,,
,..,,-,True,,
,..,,-,True,,
,..,,-,True,,
,..,,-,True,,
,..,,-,True,,
,..,,-,True,,
,..,,-,True,,
,..,,-,True,,
,..,,-,True,,
,..,,-,True,,
,..,,-,True,,
,..,,-,True,,
,..,,-,True,,
,..,,-,True,,
,..,,-,True,,
,..,,-,True,,
,..,,-,True,,
,..,,...,True,,
,..,,-,True,,
,..,,-,True,,
,..,,-,True,,
,..,,-,True,,
,..,,-,True,,
,..,,-,True,,
,..,,...,True,,
,..,,-,True,,
,..,,-,True,,
,..,,-,True,,
,..,,-,True,,
,..,,...,True,,
,..,,-,True,,
,..,,-,True,,
,..,,-,True,,
,..,,-,True,,
,..,,-,True,,
,..,,-,True,,
,..,,-,True,,
,..,,-,True,,
,..,,...,True,,
,..,,-,True,,
,..,,-,True,,
,..,,-,True,,
,..,,-,True,,
,..,,-,True,,
,..,,-,True,,
,..,,-,True,,
,..,,-,True,,
,..,,-,True,,
,..,,-,True,,
,..,,-,True,,
,..,,-,True,,
,..,,-,True,,
,..,,-,True,,
,..,,-,True,,
,..,,-,True,,
,..,,...,True,,
,..,,-,True,,
,..,,-,True,,
,..,,-,True,,
,..,,-,True,,
,..,,-,True,,
,..,,-,True,,
,..,,-,True,,
,..,,-,True,,
,..,,-,True,,
,..,,-,True,,
,..,,-,True,,
,..,,-,True,,
,..,,-,True,,
,..,,-,True,,
,..,,...,True,,
,..,,-,True,,
,..,,-,True,,
,..,,-,True,,
,..,,...,True,,
,..,,...,True,,
,..,,-,True,,
,..,,-,True,,
,..,,-,True,,
,..,,-,True,,
,..,,-,True,,
,..,,-,True,,
,..,,...,True,,
,..,,-,True,,
,..,,-,True,,
,..,,-,True,,
,..,,-,True,,
,..,,-,True,,
,..,,-,True,,
,..,,-,True,,
,..,,-,True,,
,..,,-,True,,
,..,,...,True,,
,..,,-,True,,
,..,,-,True,,
,..,,-,True,,
,..,,-,True,,
,..,,-,True,,
,..,,-,True,,
,..,,-,True,,
,..,,-,True,,
,..,,-,True,,
,..,,-,True,,
,..,,-,True,,
,..,,-,True,,
,..,,-,True,,
,..,,-,True,,
,..,,-,True,,
,..,,-,True,,
,..,,-,True,,
,..,,-,True,,
,..,,-,True,,
,..,,-,True,,
,..,,-,True,,
,..,,...,True,,
,..,,-,True,,
,..,,-,True,,
,..,,-,True,,
,..,,-,True,,
,..,,-,True,,
,..,,...,True,,
,..,,...,True,,
,..,,-,True,,
,..,,-,True,,
,..,,...,True,,
,..,,-,True,,
,..,,-,True,,
,..,,...,True,,
,..,,-,True,,
,..,,-,True,,
,..,,...,True,,
,..,,-,True,,
,..,,-,True,,
,..,,-,True,,
,..,,-,True,,
,..,,-,True,,
,..,,-,True,,
,..,,-,True,,
,..,,-,True,,
,..,,-,True,,
,..,,-,True,,
,..,,-,True,,
,..,,-,True,,
,..,,-,True,,
,..,,-,True,,
,..,,-,True,,
,..,,-,True,,
,..,,-,True,,
,..,,-,True,,
,..,,-,True,,
,..,,-,True,,
,..,,-,True,,
,..,,-,True,,
,..,,-,True,,
,..,,...,True,,
,..,,-,True,,
,..,,-,True,,
,..,,-,True,,
,..,,-,True,,
,..,,...,True,,
,..,,-,True,,
,..,,-,True,,
,..,,-,True,,
,..,,-,True,,
,..,,-,True,,
,..,,-,True,,
,..,,-,True,,
,..,,-,True,,
,..,,-,True,,
,..,,-,True,,
,..,,-,True,,
,..,,-,True,,
,..,,-,True,,
,..,,-,True,,
,..,,-,True,,
,..,,-,True,,
,..,,...,True,,
,..,,...,True,,
,..,,-,True,,
,..,,-,True,,
,..,,-,True,,
,..,,-,True,,
,..,,-,True,,
,..,,-,True,,
,..,,-,True,,
,..,,-,True,,
,..,,-,True,,
,..,,-,True,,
,..,,-,True,,
,..,,...,True,,
,..,,-,True,,
,..,,-,True,,
,..,,-,True,,
,..,,-,True,,
,..,,-,True,,
,..,,-,True,,
,..,,...,True,,
,..,,-,True,,
,..,,-,True,,
,..,,-,True,,
,..,,-,True,,
,..,,-,True,,
,..,,-,True,,
,..,,-,True,,
,..,,-,True,,
,..,,-,True,,
,..,,-,True,,
,..,,-,True,,
,..,,-,True,,
,..,,-,True,,
,..,,-,True,,
,..,,-,True,,
,..,,-,True,,
,..,,-,True,,
,..,,-,True,,
,..,,-,True,,
,..,,-,True,,
,..,,-,True,,
,..,,-,True,,
,..,,...,True,,
,..,,...,True,,
,..,,...,True,,
,..,,...,True,,
,..,,-,True,,
,..,,-,True,,
,..,,-,True,,
,..,,...,True,,
,..,,-,True,,
,..,,-,True,,
,..,,-,True,,
,..,,-,True,,
,..,,-,True,,
,..,,-,True,,
,..,,-,True,,
,..,,-,True,,
,..,,-,True,,
,..,,-,True,,
,..,,...,True,,
,..,,-,True,,
,..,,...,True,,
,..,,-,True,,
,..,,-,True,,
,..,,-,True,,
,..,,-,True,,
,..,,-,True,,
,..,,-,True,,
,..,,-,True,,
,..,,-,True,,
,..,,-,True,,
,..,,-,True,,
,..,,-,True,,
,..,,-,True,,
,..,,...,True,,
,..,,-,True,,
,..,,-,True,,
,..,,-,True,,
,..,,-,True,,
,..,,-,True,,
,..,,-,True,,
,..,,-,True,,
,..,,-,True,,
,..,,-,True,,
,..,,...,True,,
,..,,-,True,,
,..,,-,True,,
,..,,...,True,,
,..,,-,True,,
,..,,-,True,,
,..,,-,True,,
,..,,-,True,,
,..,,-,True,,
,..,,-,True,,
,..,,...,True,,
,..,,-,True,,
,..,,-,True,,
,..,,-,True,,
,..,,-,True,,
,..,,-,True,,
,..,,-,True,,
,..,,-,True,,
,..,,-,True,,
,..,,-,True,,
,..,,-,True,,
,..,,-,True,,
,..,,-,True,,
,..,,-,True,,
,..,,-,True,,
,..,,-,True,,
,..,,-,True,,
,..,,-,True,,
,..,,...,True,,
,..,,...,True,,
,..,,-,True,,
,..,,-,True,,
,..,,-,True,,
,..,,-,True,,
,..,,-,True,,
,..,,-,True,,
,..,,-,True,,
,..,,-,True,,
,..,,...,True,,
,..,,-,True,,
,..,,-,True,,
,..,,-,True,,
,..,,...,True,,
,..,,-,True,,
,..,,-,True,,
,..,,-,True,,
,..,,...,True,,
,..,,-,True,,
,..,,-,True,,
,..,,-,True,,
,..,,-,True,,
,..,,-,True,,
,..,,...,True,,
,..,,-,True,,
,..,,-,True,,
,..,,-,True,,
,..,,-,True,,
,..,,-,True,,
,..,,-,True,,
,..,,-,True,,
,..,,...,True,,
,..,,-,True,,
,..,,-,True,,
,..,,-,True,,
,..,,-,True,,
,..,,...,True,,
,..,,...,True,,
,..,,-,True,,
,..,,-,True,,
,..,,...,True,,
,..,,-,True,,
,..,,-,True,,
,..,,-,True,,
,..,,-,True,,
,..,,-,True,,
,..,,-,True,,
,..,,...,True,,
,..,,-,True,,
,..,,-,True,,
,..,,-,True,,
,..,,-,True,,
,..,,-,True,,
,..,,-,True,,
,..,,-,True,,
,..,,-,True,,
,..,,-,True,,
,..,,-,True,,
,..,,-,True,,
,..,,-,True,,
,..,,-,True,,
,..,,-,True,,
,..,,-,True,,
,..,,-,True,,
,..,,-,True,,
,..,,-,True,,
,..,,-,True,,
,..,,-,True,,
,..,,-,True,,
,..,,-,True,,
,..,,-,True,,
,..,,...,True,,
,..,,-,True,,
,..,,-,True,,
,..,,-,True,,
,..,,-,True,,
,..,,-,True,,
,..,,-,True,,
,..,,-,True,,
,..,,-,True,,
,..,,-,True,,
,..,,-,True,,
,..,,-,True,,
,..,,-,True,,
,..,,-,True,,
,..,,-,True,,
,..,,-,True,,
,..,,-,True,,
,..,,-,True,,
,..,,-,True,,
,..,,-,True,,
,..,,-,True,,
,..,,-,True,,
,..,,-,True,,
,..,,-,True,,
,..,,-,True,,
,..,,-,True,,
,..,,-,True,,
,..,,-,True,,
,..,,-,True,,
,..,,-,True,,
,..,,-,True,,
,..,,-,True,,
,..,,-,True,,
,..,,-,True,,
,..,,-,True,,
,..,,-,True,,
,..,,-,True,,
,..,,-,True,,
,..,,-,True,,
,..,,-,True,,
,..,,-,True,,
,..,,-,True,,
,..,,-,True,,
,..,,-,True,,
,..,,-,True,,
,..,,-,True,,
,..,,-,True,,
,..,,-,True,,
,..,,-,True,,
,..,,-,True,,
,..,,-,True,,
,..,,-,True,,
,..,,-,True,,
,..,,-,True,,
,..,,-,True,,
,..,,-,True,,
,..,,-,True,,
,..,,-,True,,
,..,,-,True,,
,..,,-,True,,
,..,,-,True,,
,..,,-,True,,
,..,,-,True,,
,..,,...,True,,
,..,,-,True,,
,..,,-,True,,
,..,,-,True,,
,..,,...,True,,
,..,,-,True,,
,..,,-,True,,
,..,,-,True,,
,..,,-,True,,
,..,,-,True,,
,..,,-,True,,
,..,,-,True,,
,..,,-,True,,
,..,,-,True,,
,..,,-,True,,
,..,,-,True,,
,..,,-,True,,
,..,,-,True,,
,..,,-,True,,
,..,,...,True,,
,..,,-,True,,
,..,,-,True,,
,..,,-,True,,
,..,,-,True,,
,..,,-,True,,
,..,,...,True,,
,..,,...,True,,
,..,,-,True,,
,..,,-,True,,
,..,,-,True,,
,..,,...,True,,
,..,,-,True,,
,..,,-,True,,
,..,,-,True,,
,..,,-,True,,
,..,,-,True,,
,..,,-,True,,
,..,,...,True,,
,..,,-,True,,
,..,,-,True,,
,..,,-,True,,
,..,,...,True,,
,..,,-,True,,
,..,,-,True,,
,..,,-,True,,
,..,,-,True,,
,..,,-,True,,
,..,,-,True,,
,..,,-,True,,
,..,,-,True,,
,..,,-,True,,
,..,,-,True,,
,..,,-,True,,
,..,,-,True,,
,..,,...,True,,
,..,,-,True,,
,..,,-,True,,
,..,,-,True,,
,..,,-,True,,
,..,,-,True,,
,..,,-,True,,
,..,,-,True,,
,..,,-,True,,
,..,,-,True,,
,..,,-,True,,
,..,,-,True,,
,..,,-,True,,
,..,,-,True,,
,..,,...,True,,
,..,,-,True,,
,..,,...,True,,
,..,,-,True,,
,..,,-,True,,
,..,,-,True,,
,..,,-,True,,
,..,,...,True,,
,..,,-,True,,
,..,,-,True,,
,..,,-,True,,
,..,,-,True,,
,..,,-,True,,
,..,,-,True,,
,..,,-,True,,
,..,,-,True,,
,..,,-,True,,
,..,,-,True,,
,..,,-,True,,
,..,,-,True,,
,..,,-,True,,
,..,,-,True,,
,..,,-,True,,
,..,,-,True,,
,..,,-,True,,
,..,,-,True,,
,..,,-,True,,
,..,,-,True,,
,..,,-,True,,
,..,,-,True,,
,..,,-,True,,
,..,,-,True,,
,..,,-,True,,
,..,,-,True,,
,..,,-,True,,
,..,,-,True,,
,..,,-,True,,
,..,,-,True,,
,..,,-,True,,
,..,,-,True,,
,..,,-,True,,
,..,,...,True,,
,..,,-,True,,
,..,,-,True,,
,..,,-,True,,
,..,,-,True,,
,..,,-,True,,
,..,,-,True,,
,..,,-,True,,
,..,,-,True,,
,..,,-,True,,
,..,,-,True,,
,..,,-,True,,
,..,,-,True,,
,..,,...,True,,
,..,,-,True,,
,..,,...,True,,
,..,,-,True,,
,..,,-,True,,
,..,,-,True,,
,..,,-,True,,
,..,,-,True,,
,..,,-,True,,
,..,,-,True,,
,..,,-,True,,
,..,,-,True,,
,..,,-,True,,
,..,,-,True,,
,..,,-,True,,
,..,,...,True,,
,..,,-,True,,
,..,,-,True,,
,..,,-,True,,
,..,,-,True,,
,..,,-,True,,
,..,,-,True,,
,..,,-,True,,
,..,,-,True,,
,..,,-,True,,
,..,,-,True,,
,..,,...,True,,
,..,,-,True,,
,..,,-,True,,
,..,,-,True,,
,..,,-,True,,
,..,,-,True,,
,..,,-,True,,
,..,,...,True,,
,..,,-,True,,
,..,,-,True,,
,..,,-,True,,
,..,,-,True,,
,..,,-,True,,
,..,,-,True,,
,..,,-,True,,
,..,,...,True,,
,..,,-,True,,
,..,,-,True,,
,..,,-,True,,
,..,,...,True,,
,..,,-,True,,
,..,,-,True,,
,..,,-,True,,
,..,,-,True,,
,..,,-,True,,
,..,,-,True,,
,..,,-,True,,
,..,,-,True,,
,..,,-,True,,
,..,,-,True,,
,..,,-,True,,
,..,,-,True,,
,..,,...,True,,
,..,,-,True,,
,..,,-,True,,
,..,,-,True,,
,..,,-,True,,
,..,,-,True,,
,..,,-,True,,
,..,,-,True,,
,..,,-,True,,
,..,,...,True,,
,..,,-,True,,
,..,,-,True,,
,..,,-,True,,
,..,,-,True,,
,..,,-,True,,
,..,,-,True,,
,..,,-,True,,
,..,,-,True,,
,..,,-,True,,
,..,,-,True,,
,..,,-,True,,
,..,,-,True,,
,..,,-,True,,
,..,,-,True,,
,..,,-,True,,
,..,,-,True,,
,..,,-,True,,
,..,,-,True,,
,..,,-,True,,
,..,,-,True,,
,..,,-,True,,
,..,,-,True,,
,..,,...,True,,
,..,,...,True,,
,..,,-,True,,
,..,,-,True,,
,..,,-,True,,
,..,,-,True,,
,..,,-,True,,
,..,,...,True,,
,..,,-,True,,
,..,,-,True,,
,..,,-,True,,
,..,,-,True,,
,..,,-,True,,
,..,,-,True,,
,..,,-,True,,
,..,,-,True,,
,..,,-,True,,
,..,,-,True,,
,..,,-,True,,
,..,,-,True,,
,..,,-,True,,
,..,,-,True,,
,..,,-,True,,
,..,,-,True,,
,..,,-,True,,
,..,,-,True,,
,..,,-,True,,
,..,,-,True,,
,..,,-,True,,
,..,,-,True,,
,..,,-,True,,
,..,,-,True,,
,..,,-,True,,
,..,,-,True,,
,..,,-,True,,
,..,,-,True,,
,..,,-,True,,
,..,,-,True,,
,..,,-,True,,
,..,,-,True,,
,..,,-,True,,
,..,,-,True,,
,..,,-,True,,
,..,,-,True,,
,..,,-,True,,
,..,,-,True,,
,..,,-,True,,
,..,,-,True,,
,..,,-,True,,
,..,,-,True,,
,..,,-,True,,
,..,,-,True,,
,..,,-,True,,
,..,,-,True,,
,..,,-,True,,
,..,,-,True,,
,..,,-,True,,
,..,,-,True,,
,..,,-,True,,
,..,,-,True,,
,..,,-,True,,
,..,,-,True,,
,..,,-,True,,
,..,,-,True,,
,..,,-,True,,
,..,,-,True,,
,..,,-,True,,
,..,,-,True,,
,..,,-,True,,
,..,,-,True,,
,..,,-,True,,
,..,,-,True,,
,..,,-,True,,
,..,,-,True,,
,..,,-,True,,
,..,,-,True,,
,..,,-,True,,
,..,,-,True,,
,..,,...,True,,
,..,,-,True,,
,..,,-,True,,
,..,,-,True,,
,..,,-,True,,
,..,,-,True,,
,..,,-,True,,
,..,,-,True,,
,..,,-,True,,
,..,,-,True,,
,..,,-,True,,
,..,,-,True,,
,..,,-,True,,
,..,,-,True,,
,..,,-,True,,
,..,,-,True,,
,..,,-,True,,
,..,,-,True,,
,..,,-,True,,
,..,,-,True,,
,..,,-,True,,
,..,,-,True,,
,..,,-,True,,
,..,,-,True,,
,..,,-,True,,
,..,,-,True,,
,..,,-,True,,
,..,,...,True,,
,..,,-,True,,
,..,,-,True,,
,..,,-,True,,
,..,,-,True,,
,..,,-,True,,
,..,,-,True,,
,..,,-,True,,
,..,,-,True,,
,..,,-,True,,
,..,,-,True,,
,..,,-,True,,
,..,,-,True,,
,..,,-,True,,
,..,,-,True,,
,..,,-,True,,
,..,,-,True,,
,..,,-,True,,
,..,,-,True,,
,..,,-,True,,
,..,,-,True,,
,..,,...,True,,
,..,,-,True,,
,..,,-,True,,
,..,,-,True,,
,..,,-,True,,
,..,,-,True,,
,..,,-,True,,
,..,,-,True,,
,..,,-,True,,
,..,,-,True,,
,..,,-,True,,
,..,,-,True,,
,..,,-,True,,
,..,,-,True,,
,..,,-,True,,
,..,,-,True,,
,..,,-,True,,
,..,,-,True,,
,..,,-,True,,
,..,,-,True,,
,..,,-,True,,
,..,,-,True,,
,..,,-,True,,
,..,,-,True,,
,..,,-,True,,
,..,,-,True,,
,..,,-,True,,
,..,,-,True,,
,..,,-,True,,
,..,,-,True,,
,..,,-,True,,
,..,,-,True,,
,..,,-,True,,
,..,,-,True,,
,..,,-,True,,
,..,,-,True,,
,..,,-,True,,
,..,,-,True,,
,..,,-,True,,
,..,,-,True,,
,..,,-,True,,
,..,,-,True,,
,..,,-,True,,
,..,,-,True,,
,..,,-,True,,
,..,,-,True,,
,..,,-,True,,
,..,,-,True,,
,..,,-,True,,
,..,,-,True,,
,..,,-,True,,
,..,,-,True,,
,..,,-,True,,
,..,,-,True,,
,..,,-,True,,
,..,,-,True,,
,..,,-,True,,
,..,,-,True,,
,..,,-,True,,
,..,,-,True,,
,..,,...,True,,
,..,,-,True,,
,..,,-,True,,
,..,,-,True,,
,..,,-,True,,
,..,,-,True,,
,..,,-,True,,
,..,,-,True,,
,..,,-,True,,
,..,,-,True,,
,..,,-,True,,
,..,,-,True,,
,..,,-,True,,
,..,,-,True,,
,..,,-,True,,
,..,,-,True,,
,..,,-,True,,
,..,,-,True,,
,..,,-,True,,
,..,,-,True,,
,..,,-,True,,
,..,,-,True,,
,..,,-,True,,
,..,,-,True,,
,..,,-,True,,
,..,,-,True,,
,..,,-,True,,
,..,,-,True,,
,..,,-,True,,
,..,,-,True,,
,..,,-,True,,
,..,,-,True,,
,..,,-,True,,
,..,,-,True,,
,..,,-,True,,
,..,,-,True,,
,..,,-,True,,
,..,,-,True,,
,..,,-,True,,
,..,,-,True,,
,..,,-,True,,
,..,,-,True,,
,..,,-,True,,
,..,,-,True,,
,..,,-,True,,
,..,,-,True,,
,..,,-,True,,
,..,,-,True,,
,..,,-,True,,
,..,,-,True,,
,..,,-,True,,
,..,,-,True,,
,..,,-,True,,
,..,,-,True,,
,..,,-,True,,
,..,,-,True,,
,..,,-,True,,
,..,,-,True,,
,..,,-,True,,
,..,,-,True,,
,..,,-,True,,
,..,,...,True,,
,..,,-,True,,
,..,,-,True,,
,..,,-,True,,
,..,,-,True,,
,..,,-,True,,
,..,,-,True,,
,..,,-,True,,
,..,,-,True,,
,..,,-,True,,
,..,,...,True,,
,..,,-,True,,
,..,,-,True,,
,..,,-,True,,
,..,,-,True,,
,..,,-,True,,
,..,,-,True,,
,..,,-,True,,
,..,,-,True,,
,..,,-,True,,
,..,,-,True,,
,..,,-,True,,
,..,,-,True,,
,..,,-,True,,
,..,,-,True,,
,..,,-,True,,
,..,,-,True,,
,..,,-,True,,
,..,,-,True,,
,..,,...,True,,
,..,,-,True,,
,..,,-,True,,
,..,,-,True,,
,..,,-,True,,
,..,,-,True,,
,..,,-,True,,
,..,,-,True,,
,..,,-,True,,
,..,,-,True,,
,..,,-,True,,
,..,,-,True,,
,..,,-,True,,
,..,,-,True,,
,..,,-,True,,
,..,,-,True,,
,..,,-,True,,
,..,,-,True,,
,..,,-,True,,
,..,,-,True,,
,..,,-,True,,
,..,,-,True,,
,..,,-,True,,
,..,,-,True,,
,..,,-,True,,
,..,,-,True,,
,..,,-,True,,
,..,,-,True,,
,..,,-,True,,
,..,,-,True,,
,..,,-,True,,
,..,,-,True,,
,..,,...,True,,
,..,,-,True,,
,..,,-,True,,
,..,,-,True,,
,..,,-,True,,
,..,,-,True,,
,..,,-,True,,
,..,,-,True,,
,..,,-,True,,
,..,,-,True,,
,..,,-,True,,
,..,,-,True,,
,..,,-,True,,
,..,,-,True,,
,..,,-,True,,
,..,,-,True,,
,..,,-,True,,
,..,,-,True,,
,..,,-,True,,
,..,,-,True,,
,..,,-,True,,
,..,,-,True,,
,..,,-,True,,
,..,,-,True,,
,..,,-,True,,
,..,,-,True,,
,..,,-,True,,
,..,,-,True,,
,..,,-,True,,
,..,,-,True,,
,..,,-,True,,
,..,,-,True,,
,..,,-,True,,
,..,,-,True,,
,..,,-,True,,
,..,,-,True,,
,..,,-,True,,
,..,,-,True,,
,..,,...,True,,
,..,,-,True,,
,..,,-,True,,
,..,,-,True,,
,..,,-,True,,
,..,,-,True,,
,..,,-,True,,
,..,,-,True,,
,..,,-,True,,
,..,,-,True,,
,..,,-,True,,
,..,,-,True,,
,..,,-,True,,
,..,,-,True,,
,..,,-,True,,
,..,,-,True,,
,..,,-,True,,
,..,,-,True,,
,..,,-,True,,
,..,,-,True,,
,..,,-,True,,
,..,,-,True,,
,..,,-,True,,
,..,,-,True,,
,..,,-,True,,
,..,,-,True,,
,..,,-,True,,
,..,,-,True,,
,..,,-,True,,
,..,,-,True,,
,..,,-,True,,
,..,,-,True,,
,..,,-,True,,
,..,,-,True,,
,..,,-,True,,
,..,,-,True,,
,..,,-,True,,
,..,,-,True,,
,..,,-,True,,
,..,,-,True,,
,..,,-,True,,
,..,,-,True,,
,..,,-,True,,
,..,,-,True,,
,..,,-,True,,
,..,,-,True,,
,..,,-,True,,
,..,,-,True,,
,..,,-,True,,
,..,,-,True,,
,..,,-,True,,
,..,,-,True,,
,..,,-,True,,
,..,,-,True,,
,..,,-,True,,
,..,,-,True,,
,..,,-,True,,
,..,,-,True,,
,..,,-,True,,
,..,,-,True,,
,..,,-,True,,
,..,,-,True,,
,..,,-,True,,
,..,,-,True,,
,..,,-,True,,
,..,,-,True,,
,..,,-,True,,
,..,,-,True,,
,..,,-,True,,
,..,,-,True,,
,..,,-,True,,
,..,,-,True,,
,..,,-,True,,
,..,,-,True,,
,..,,-,True,,
,..,,-,True,,
,..,,-,True,,
,..,,-,True,,
,..,,-,True,,
,..,,-,True,,
,..,,-,True,,
,..,,-,True,,
,..,,-,True,,
,..,,-,True,,
,..,,-,True,,
,..,,-,True,,
,..,,-,True,,
,..,,-,True,,
,..,,-,True,,
,..,,-,True,,
,..,,...,True,,
,..,,...,True,,
,..,,...,True,,
,..,,-,True,,
,..,,-,True,,
,..,,-,True,,
,..,,-,True,,
,..,,-,True,,
,..,,-,True,,
,..,,-,True,,
,..,,-,True,,
,..,,-,True,,
,..,,-,True,,
,..,,...,True,,
,..,,-,True,,
,..,,-,True,,
,..,,...,True,,
,..,,-,True,,
,..,,-,True,,
,..,,-,True,,
,..,,-,True,,
,..,,-,True,,
,..,,-,True,,
,..,,-,True,,
,..,,-,True,,
,..,,-,True,,
,..,,-,True,,
,..,,-,True,,
,..,,-,True,,
,..,,-,True,,
,..,,-,True,,
,..,,-,True,,
,..,,-,True,,
,..,,-,True,,
,..,,-,True,,
,..,,...,True,,
,..,,-,True,,
,..,,-,True,,
,..,,-,True,,
,..,,-,True,,
,..,,-,True,,
,..,,-,True,,
,..,,-,True,,
,..,,-,True,,
,..,,-,True,,
,..,,-,True,,
,..,,-,True,,
,..,,-,True,,
,..,,-,True,,
,..,,-,True,,
,..,,-,True,,
,..,,-,True,,
,..,,-,True,,
,..,,-,True,,
,..,,-,True,,
,..,,-,True,,
,..,,-,True,,
,..,,-,True,,
,..,,-,True,,
,..,,-,True,,
,..,,-,True,,
,..,,-,True,,
,..,,-,True,,
,..,,-,True,,
,..,,-,True,,
,..,,-,True,,
,..,,-,True,,
,..,,-,True,,
,..,,-,True,,
,..,,-,True,,
,..,,-,True,,
,..,,-,True,,
,..,,-,True,,
,..,,-,True,,
,..,,-,True,,
,..,,-,True,,
,..,,-,True,,
,..,,-,True,,
,..,,-,True,,
,..,,-,True,,
,..,,-,True,,
,..,,-,True,,
,..,,-,True,,
,..,,-,True,,
,..,,-,True,,
,..,,-,True,,
,..,,-,True,,
,..,,-,True,,
,..,,-,True,,
,..,,-,True,,
,..,,-,True,,
,..,,-,True,,
,..,,-,True,,
,..,,-,True,,
,..,,-,True,,
,..,,-,True,,
,..,,-,True,,
,..,,-,True,,
,..,,-,True,,
,..,,-,True,,
,..,,...,True,,
,..,,-,True,,
,..,,-,True,,
,..,,-,True,,
,..,,-,True,,
,..,,-,True,,
,..,,-,True,,
,..,,-,True,,
,..,,-,True,,
,..,,-,True,,
,..,,-,True,,
,..,,-,True,,
,..,,-,True,,
,..,,...,True,,
,..,,-,True,,
,..,,-,True,,
,..,,-,True,,
,..,,-,True,,
,..,,-,True,,
,..,,-,True,,
,..,,-,True,,
,..,,-,True,,
,..,,-,True,,
,..,,-,True,,
,..,,-,True,,
,..,,-,True,,
,..,,-,True,,
,..,,-,True,,
,..,,-,True,,
,..,,-,True,,
,..,,-,True,,
,..,,-,True,,
,..,,-,True,,
,..,,-,True,,
,..,,-,True,,
,..,,-,True,,
,..,,-,True,,
,..,,-,True,,
,..,,-,True,,
,..,,-,True,,
,..,,-,True,,
,..,,-,True,,
,..,,-,True,,
,..,,-,True,,
,..,,-,True,,
,..,,-,True,,
,..,,-,True,,
,..,,-,True,,
,..,,-,True,,
,..,,-,True,,
,..,,-,True,,
,..,,-,True,,
,..,,...,True,,
,..,,-,True,,
,..,,-,True,,
,..,,-,True,,
,..,,-,True,,
,..,,-,True,,
,..,,-,True,,
,..,,-,True,,
,..,,-,True,,
,..,,-,True,,
,..,,-,True,,
,..,,-,True,,
,..,,-,True,,
,..,,-,True,,
,..,,-,True,,
,..,,-,True,,
,..,,-,True,,
,..,,-,True,,
,..,,-,True,,
,..,,-,True,,
,..,,-,True,,
,..,,-,True,,
,..,,-,True,,
,..,,...,True,,
,..,,...,True,,
,..,,-,True,,
,..,,-,True,,
,..,,-,True,,
,..,,-,True,,
,..,,-,True,,
,..,,-,True,,
,..,,-,True,,
,..,,-,True,,
,..,,...,True,,
,..,,-,True,,
,..,,-,True,,
,..,,-,True,,
,..,,-,True,,
,..,,-,True,,
,..,,-,True,,
,..,,-,True,,
,..,,-,True,,
,..,,-,True,,
,..,,-,True,,
,..,,-,True,,
,..,,-,True,,
,..,,-,True,,
,..,,...,True,,
,..,,-,True,,
,..,,-,True,,
,..,,-,True,,
,..,,-,True,,
,..,,-,True,,
,..,,-,True,,
,..,,-,True,,
,..,,-,True,,
,..,,-,True,,
,..,,-,True,,
,..,,-,True,,
,..,,-,True,,
,..,,-,True,,
,..,,-,True,,
,..,,-,True,,
,..,,-,True,,
,..,,-,True,,
,..,,-,True,,
,..,,-,True,,
,..,,-,True,,
,..,,-,True,,
,..,,-,True,,
,..,,-,True,,
,..,,-,True,,
,..,,-,True,,
,..,,-,True,,
,..,,-,True,,
,..,,-,True,,
,..,,-,True,,
,..,,-,True,,
,..,,-,True,,
,..,,-,True,,
,..,,-,True,,
,..,,-,True,,
,..,,-,True,,
,..,,-,True,,
,..,,-,True,,
,..,,-,True,,
,..,,-,True,,
,..,,-,True,,
,..,,-,True,,
,..,,-,True,,
,..,,-,True,,
,..,,-,True,,
,..,,-,True,,
,..,,-,True,,
,..,,-,True,,
,..,,-,True,,
,..,,-,True,,
,..,,-,True,,
,..,,-,True,,
,..,,-,True,,
,..,,-,True,,
,..,,-,True,,
,..,,-,True,,
,..,,-,True,,
,..,,-,True,,
,..,,-,True,,
,..,,-,True,,
,..,,-,True,,
,..,,-,True,,
,..,,-,True,,
,..,,-,True,,
,..,,-,True,,
,..,,-,True,,
,..,,-,True,,
,..,,-,True,,
,..,,...,True,,
,..,,-,True,,
,..,,-,True,,
,..,,-,True,,
,..,,-,True,,
,..,,-,True,,
,..,,-,True,,
,..,,-,True,,
,..,,-,True,,
,..,,-,True,,
,..,,-,True,,
,..,,-,True,,
,..,,-,True,,
,..,,...,True,,
,..,,-,True,,
,..,,-,True,,
,..,,-,True,,
,..,,-,True,,
,..,,-,True,,
,..,,-,True,,
,..,,-,True,,
,..,,-,True,,
,..,,-,True,,
,..,,...,True,,
,..,,-,True,,
,..,,-,True,,
,..,,-,True,,
,..,,-,True,,
,..,,-,True,,
,..,,-,True,,
,..,,-,True,,
,..,,-,True,,
,..,,...,True,,
,..,,-,True,,
,..,,-,True,,
,..,,-,True,,
,..,,-,True,,
,..,,-,True,,
,..,,...,True,,
,..,,-,True,,
,..,,-,True,,
,..,,-,True,,
,..,,-,True,,
,..,,-,True,,
,..,,-,True,,
,..,,-,True,,
,..,,-,True,,
,..,,-,True,,
,..,,-,True,,
,..,,-,True,,
,..,,-,True,,
,..,,-,True,,
,..,,-,True,,
,..,,-,True,,
,..,,-,True,,
,..,,-,True,,
,..,,-,True,,
,..,,-,True,,
,..,,-,True,,
,..,,-,True,,
,..,,-,True,,
,..,,-,True,,
,..,,-,True,,
,..,,...,True,,
,..,,-,True,,
,..,,-,True,,
,..,,-,True,,
,..,,-,True,,
,..,,-,True,,
,..,,-,True,,
,..,,-,True,,
,..,,-,True,,
,..,,-,True,,
,..,,-,True,,
,..,,-,True,,
,..,,-,True,,
,..,,-,True,,
,..,,-,True,,
,..,,-,True,,
,..,,-,True,,
,..,,-,True,,
,..,,...,True,,
,..,,-,True,,
,..,,-,True,,
,..,,...,True,,
,..,,-,True,,
,..,,-,True,,
,..,,...,True,,
,..,,-,True,,
,..,,-,True,,
,..,,-,True,,
,..,,-,True,,
,..,,-,True,,
,..,,-,True,,
,..,,-,True,,
,..,,-,True,,
,..,,-,True,,
,..,,-,True,,
,..,,-,True,,
,..,,-,True,,
,..,,-,True,,
,..,,-,True,,
,..,,-,True,,
,..,,-,True,,
,..,,-,True,,
,..,,-,True,,
,..,,-,True,,
,..,,-,True,,
,..,,-,True,,
,..,,...,True,,
,..,,-,True,,
,..,,-,True,,
,..,,-,True,,
,..,,-,True,,
,..,,-,True,,
,..,,-,True,,
,..,,-,True,,
,..,,-,True,,
,..,,-,True,,
,..,,-,True,,
,..,,-,True,,
,..,,-,True,,
,..,,-,True,,
,..,,-,True,,
,..,,-,True,,
,..,,-,True,,
,..,,-,True,,
,..,,-,True,,
,..,,-,True,,
,..,,-,True,,
,..,,-,True,,
,..,,-,True,,
,..,,-,True,,
,..,,-,True,,
,..,,-,True,,
,..,,-,True,,
,..,,-,True,,
,..,,-,True,,
,..,,-,True,,
,..,,-,True,,
,..,,-,True,,
,..,,-,True,,
,..,,-,True,,
,..,,-,True,,
,..,,-,True,,
,..,,-,True,,
,..,,-,True,,
,..,,-,True,,
,..,,-,True,,
,..,,...,True,,
,..,,-,True,,
,..,,-,True,,
,..,,-,True,,
,..,,-,True,,
,..,,-,True,,
,..,,-,True,,
,..,,-,True,,
,..,,-,True,,
,..,,...,True,,
,..,,-,True,,
,..,,-,True,,
,..,,-,True,,
,..,,-,True,,
,..,,-,True,,
,..,,-,True,,
,..,,-,True,,
,..,,-,True,,
,..,,-,True,,
,..,,-,True,,
,..,,-,True,,
,..,,-,True,,
,..,,-,True,,
,..,,-,True,,
,..,,-,True,,
,..,,-,True,,
,..,,-,True,,
,..,,-,True,,
,..,,-,True,,
,..,,-,True,,
,..,,-,True,,
,..,,-,True,,
,..,,-,True,,
,..,,-,True,,
,..,,-,True,,
,..,,-,True,,
,..,,-,True,,
,..,,-,True,,
,..,,-,True,,
,..,,-,True,,
,..,,-,True,,
,..,,-,True,,
,..,,-,True,,
,..,,-,True,,
,..,,-,True,,
,..,,-,True,,
,..,,-,True,,
,..,,-,True,,
,..,,-,True,,
,..,,-,True,,
,..,,-,True,,
,..,,-,True,,
,..,,-,True,,
,..,,-,True,,
,..,,-,True,,
,..,,-,True,,
,..,,-,True,,
,..,,-,True,,
,..,,-,True,,
,..,,-,True,,
,..,,-,True,,
,..,,-,True,,
,..,,-,True,,
,..,,-,True,,
,..,,-,True,,
,..,,-,True,,
,..,,-,True,,
,..,,-,True,,
,..,,-,True,,
,..,,-,True,,
,..,,-,True,,
,..,,-,True,,
,..,,-,True,,
,..,,-,True,,
,..,,-,True,,
,..,,-,True,,
,..,,-,True,,
,..,,-,True,,
,..,,-,True,,
,..,,-,True,,
,..,,-,True,,
,..,,-,True,,
,..,,-,True,,
,..,,-,True,,
,..,,-,True,,
,..,,-,True,,
,..,,-,True,,
,..,,-,True,,
,..,,-,True,,
,..,,-,True,,
,..,,-,True,,
,..,,-,True,,
,..,,-,True,,
,..,,-,True,,
,..,,-,True,,
,..,,-,True,,
,..,,-,True,,
,..,,-,True,,
,..,,-,True,,
,..,,-,True,,
,..,,-,True,,
,..,,-,True,,
,..,,-,True,,
,..,,-,True,,
,..,,-,True,,
,..,,-,True,,
,..,,-,True,,
,..,,-,True,,
,..,,-,True,,
,..,,-,True,,
,..,,-,True,,
,..,,-,True,,
,..,,-,True,,
,..,,-,True,,
,..,,...,True,,
,..,,-,True,,
,..,,-,True,,
,..,,-,True,,
,..,,-,True,,
,..,,-,True,,
,..,,-,True,,
,..,,-,True,,
,..,,-,True,,
,..,,-,True,,
,..,,-,True,,
,..,,-,True,,
,..,,-,True,,
,..,,-,True,,
,..,,-,True,,
,..,,-,True,,
,..,,-,True,,
,..,,-,True,,
,..,,-,True,,
,..,,-,True,,
,..,,-,True,,
,..,,-,True,,
,..,,-,True,,
,..,,-,True,,
,..,,-,True,,
,..,,-,True,,
,..,,-,True,,
,..,,-,True,,
,..,,-,True,,
,..,,-,True,,
,..,,...,True,,
,..,,-,True,,
,..,,-,True,,
,..,,-,True,,
,..,,-,True,,
,..,,-,True,,
,..,,-,True,,
,..,,-,True,,
,..,,-,True,,
,..,,-,True,,
,..,,-,True,,
,..,,-,True,,
,..,,-,True,,
,..,,-,True,,
,..,,-,True,,
,..,,...,True,,
,..,,-,True,,
,..,,-,True,,
,..,,-,True,,
,..,,-,True,,
,..,,-,True,,
,..,,-,True,,
,..,,-,True,,
,..,,-,True,,
,..,,-,True,,
,..,,-,True,,
,..,,-,True,,
,..,,-,True,,
,..,,-,True,,
,..,,-,True,,
,..,,-,True,,
,..,,-,True,,
,..,,-,True,,
,..,,-,True,,
,..,,-,True,,
,..,,-,True,,
,..,,-,True,,
,..,,-,True,,
,..,,-,True,,
,..,,-,True,,
,..,,-,True,,
,..,,-,True,,
,..,,-,True,,
,..,,-,True,,
,..,,-,True,,
,..,,-,True,,
,..,,-,True,,
,..,,-,True,,
,..,,-,True,,
,..,,-,True,,
,..,,-,True,,
,..,,-,True,,
,..,,-,True,,
,..,,-,True,,
,..,,-,True,,
,..,,-,True,,
,..,,-,True,,
,..,,-,True,,
,..,,-,True,,
,..,,-,True,,
,..,,-,True,,
,..,,-,True,,
,..,,-,True,,
,..,,-,True,,
,..,,-,True,,
,..,,-,True,,
,..,,-,True,,
,..,,-,True,,
,..,,-,True,,
,..,,-,True,,
,..,,-,True,,
,..,,-,True,,
,..,,-,True,,
,..,,-,True,,
,..,,-,True,,
,..,,-,True,,
,..,,-,True,,
,..,,-,True,,
,..,,...,True,,
,..,,-,True,,
,..,,-,True,,
,..,,-,True,,
,..,,-,True,,
,..,,-,True,,
,..,,-,True,,
,..,,-,True,,
,..,,-,True,,
,..,,-,True,,
,..,,-,True,,
,..,,-,True,,
,..,,-,True,,
,..,,-,True,,
,..,,-,True,,
,..,,-,True,,
,..,,-,True,,
,..,,-,True,,
,..,,-,True,,
,..,,-,True,,
,..,,-,True,,
,..,,-,True,,
,..,,-,True,,
,..,,...,True,,
,..,,-,True,,
,..,,-,True,,
,..,,-,True,,
,..,,-,True,,
,..,,-,True,,
,..,,-,True,,
,..,,-,True,,
,..,,-,True,,
,..,,-,True,,
,..,,-,True,,
,..,,-,True,,
,..,,-,True,,
,..,,-,True,,
,..,,-,True,,
,..,,-,True,,
,..,,-,True,,
,..,,-,True,,
,..,,-,True,,
,..,,-,True,,
,..,,-,True,,
,..,,-,True,,
,..,,-,True,,
,..,,-,True,,
,..,,-,True,,
,..,,...,True,,
,..,,-,True,,
,..,,-,True,,
,..,,-,True,,
,..,,-,True,,
,..,,-,True,,
,..,,-,True,,
,..,,-,True,,
,..,,-,True,,
,..,,-,True,,
,..,,-,True,,
,..,,-,True,,
,..,,-,True,,
,..,,-,True,,
,..,,-,True,,
,..,,-,True,,
,..,,-,True,,
,..,,-,True,,
,..,,-,True,,
,..,,-,True,,
,..,,-,True,,
,..,,-,True,,
,..,,-,True,,
,..,,-,True,,
,..,,-,True,,
,..,,...,True,,
,..,,-,True,,
,..,,-,True,,
,..,,-,True,,
,..,,-,True,,
,..,,-,True,,
,..,,-,True,,
,..,,-,True,,
,..,,...,True,,
,..,,-,True,,
,..,,-,True,,
,..,,-,True,,
,..,,-,True,,
,..,,-,True,,
,..,,-,True,,
,..,,-,True,,
,..,,-,True,,
,..,,-,True,,
,..,,-,True,,
,..,,-,True,,
,..,,-,True,,
,..,,-,True,,
,..,,-,True,,
,..,,-,True,,
,..,,-,True,,
,..,,-,True,,
,..,,-,True,,
,..,,-,True,,
,..,,-,True,,
,..,,-,True,,
,..,,-,True,,
,..,,-,True,,
,..,,-,True,,
,..,,-,True,,
,..,,-,True,,
,..,,-,True,,
,..,,-,True,,
,..,,-,True,,
,..,,-,True,,
,..,,-,True,,
,..,,-,True,,
,..,,-,True,,
,..,,-,True,,
,..,,-,True,,
,..,,-,True,,
,..,,-,True,,
,..,,-,True,,
,..,,-,True,,
,..,,-,True,,
,..,,-,True,,
,..,,-,True,,
,..,,-,True,,
,..,,-,True,,
,..,,-,True,,
,..,,-,True,,
,..,,-,True,,
,..,,-,True,,
,..,,-,True,,
,..,,-,True,,
,..,,-,True,,
,..,,-,True,,
,..,,-,True,,
,..,,-,True,,
,..,,-,True,,
,..,,-,True,,
,..,,-,True,,
,..,,-,True,,
,..,,-,True,,
,..,,-,True,,
,..,,-,True,,
,..,,-,True,,
,..,,-,True,,
,..,,-,True,,
,..,,-,True,,
,..,,-,True,,
,..,,-,True,,
,..,,-,True,,
,..,,-,True,,
,..,,-,True,,
,..,,-,True,,
,..,,...,True,,
,..,,-,True,,
,..,,...,True,,
,..,,-,True,,
,..,,-,True,,
,..,,-,True,,
,..,,-,True,,
,..,,-,True,,
,..,,-,True,,
,..,,-,True,,
,..,,-,True,,
,..,,-,True,,
,..,,-,True,,
,..,,-,True,,
,..,,-,True,,
,..,,-,True,,
,..,,-,True,,
,..,,-,True,,
,..,,-,True,,
,..,,-,True,,
,..,,-,True,,
,..,,-,True,,
,..,,-,True,,
,..,,-,True,,
,..,,-,True,,
,..,,-,True,,
,..,,-,True,,
,..,,-,True,,
,..,,-,True,,
,..,,-,True,,
,..,,-,True,,
,..,,-,True,,
,..,,-,True,,
,..,,-,True,,
,..,,-,True,,
,..,,-,True,,
,..,,-,True,,
,..,,-,True,,
,..,,-,True,,
,..,,-,True,,
,..,,-,True,,
,..,,-,True,,
,..,,...,True,,
,..,,-,True,,
,..,,-,True,,
,..,,-,True,,
,..,,-,True,,
,..,,-,True,,
,..,,-,True,,
,..,,-,True,,
,..,,-,True,,
,..,,-,True,,
,..,,-,True,,
,..,,-,True,,
,..,,-,True,,
,..,,...,True,,
,..,,...,True,,
,..,,-,True,,
,..,,...,True,,
,..,,-,True,,
,..,,-,True,,
,..,,-,True,,
,..,,-,True,,
,..,,-,True,,
,..,,-,True,,
,..,,-,True,,
,..,,-,True,,
,..,,-,True,,
,..,,...,True,,
,..,,-,True,,
,..,,-,True,,
,..,,-,True,,
,..,,-,True,,
,..,,-,True,,
,..,,...,True,,
,..,,-,True,,
,..,,-,True,,
,..,,-,True,,
,..,,-,True,,
,..,,...,True,,
,..,,-,True,,
,..,,6000,True,,
,..,,-,True,,
,..,,-,True,,
,..,,...,True,,
,..,,-,True,,
,..,,-,True,,
,..,,-,True,,
,..,,-,True,,
,..,,-,True,,
,..,,-,True,,
,..,,-,True,,
,..,,...,True,,
,..,,-,True,,
,..,,-,True,,
,..,,...,True,,
,..,,-,True,,
,..,,-,True,,
,..,,-,True,,
,..,,-,True,,
,..,,-,True,,
,..,,-,True,,
,..,,-,True,,
,..,,-,True,,
,..,,-,True,,
,..,,-,True,,
,..,,-,True,,
,..,,-,True,,
,..,,-,True,,
,..,,-,True,,
,..,,-,True,,
,..,,-,True,,
,..,,-,True,,
,..,,...,True,,
,..,,-,True,,
,..,,-,True,,
,..,,-,True,,
,..,,-,True,,
,..,,-,True,,
,..,,...,True,,
,..,,-,True,,
,..,,-,True,,
,..,,...,True,,
,..,,-,True,,
,..,,-,True,,
,..,,-,True,,
,..,,-,True,,
,..,,-,True,,
,..,,-,True,,
,..,,...,True,,
,..,,-,True,,
,..,,-,True,,
,..,,-,True,,
,..,,...,True,,
,..,,-,True,,
,..,,-,True,,
,..,,...,True,,
,..,,-,True,,
,..,,-,True,,
,..,,...,True,,
,..,,-,True,,
,..,,-,True,,
,..,,...,True,,
,..,,-,True,,
,..,,...,True,,
,..,,-,True,,
,..,,-,True,,
,..,,-,True,,
,..,,-,True,,
,..,,-,True,,
,..,,-,True,,
,..,,-,True,,
,..,,-,True,,
,..,,-,True,,
,..,,...,True,,
,..,,-,True,,
,..,,...,True,,
,..,,-,True,,
,..,,-,True,,
,..,,-,True,,
,..,,-,True,,
,..,,-,True,,
,..,,-,True,,
,..,,-,True,,
,..,,-,True,,
,..,,-,True,,
,..,,-,True,,
,..,,...,True,,
,..,,-,True,,
,..,,-,True,,
,..,,-,True,,
,..,,...,True,,
,..,,...,True,,
,..,,...,True,,
,..,,-,True,,
,..,,-,True,,
,..,,-,True,,
,..,,-,True,,
,..,,-,True,,
,..,,-,True,,
,..,,-,True,,
,..,,-,True,,
,..,,-,True,,
,..,,-,True,,
,..,,-,True,,
,..,,...,True,,
,..,,-,True,,
,..,,-,True,,
,..,,-,True,,
,..,,-,True,,
,..,,-,True,,
,..,,-,True,,
,..,,-,True,,
,..,,...,True,,
,..,,-,True,,
,..,,-,True,,
,..,,...,True,,
,..,,-,True,,
,..,,-,True,,
,..,,...,True,,
,..,,-,True,,
,..,,...,True,,
,..,,-,True,,
,..,,-,True,,
,..,,-,True,,
,..,,...,True,,
,..,,-,True,,
,..,,...,True,,
,..,,-,True,,
,..,,-,True,,
,..,,...,True,,
,..,,-,True,,
,..,,-,True,,
,..,,...,True,,
,..,,-,True,,
,..,,-,True,,
,..,,...,True,,
,..,,-,True,,
,..,,-,True,,
,..,,-,True,,
,..,,-,True,,
,..,,-,True,,
,..,,-,True,,
,..,,-,True,,
,..,,-,True,,
,..,,-,True,,
,..,,...,True,,
,..,,-,True,,
,..,,...,True,,
,..,,-,True,,
,..,,-,True,,
,..,,...,True,,
,..,,-,True,,
,..,,-,True,,
,..,,...,True,,
,..,,-,True,,
,..,,-,True,,
,..,,...,True,,
,..,,-,True,,
,..,,-,True,,
,..,,-,True,,
,..,,...,True,,
,..,,-,True,,
,..,,-,True,,
,..,,-,True,,
,..,,...,True,,
,..,,-,True,,
,..,,-,True,,
,..,,-,True,,
,..,,-,True,,
,..,,-,True,,
,..,,-,True,,
,..,,-,True,,
,..,,...,True,,
,..,,-,True,,
,..,,-,True,,
,..,,-,True,,
,..,,-,True,,
,..,,-,True,,
,..,,...,True,,
,..,,-,True,,
,..,,-,True,,
,..,,-,True,,
,..,,-,True,,
,..,,-,True,,
,..,,...,True,,
,..,,-,True,,
,..,,...,True,,
,..,,-,True,,
,..,,...,True,,
,..,,-,True,,
,..,,-,True,,
,..,,...,True,,
,..,,-,True,,
,..,,-,True,,
,..,,-,True,,
,..,,-,True,,
,..,,-,True,,
,..,,...,True,,
,..,,-,True,,
,..,,...,True,,
,..,,-,True,,
,..,,...,True,,
,..,,-,True,,
,..,,-,True,,
,..,,-,True,,
,..,,-,True,,
,..,,-,True,,
,..,,...,True,,
,..,,-,True,,
,..,,...,True,,
,..,,-,True,,
,..,,...,True,,
,..,,-,True,,
,..,,-,True,,
,..,,-,True,,
,..,,...,True,,
,..,,-,True,,
,..,,-,True,,
,..,,-,True,,
,..,,-,True,,
,..,,...,True,,
,..,,-,True,,
,..,,...,True,,
,..,,-,True,,
,..,,-,True,,
,..,,-,True,,
,..,,-,True,,
,..,,-,True,,
,..,,...,True,,
,..,,-,True,,
,..,,-,True,,
,..,,-,True,,
,..,,-,True,,
,..,,...,True,,
,..,,-,True,,
,..,,-,True,,
,..,,-,True,,
,..,,-,True,,
,..,,-,True,,
,..,,-,True,,
,..,,...,True,,
,..,,-,True,,
,..,,-,True,,
,..,,...,True,,
,..,,-,True,,
,..,,-,True,,
,..,,-,True,,
,..,,-,True,,
,..,,...,True,,
,..,,...,True,,
,..,,...,True,,
,..,,...,True,,
,..,,...,True,,
,..,,-,True,,
,..,,...,True,,
,..,,-,True,,
,..,,...,True,,
,..,,...,True,,
,..,,-,True,,
,..,,-,True,,
,..,,-,True,,
,..,,-,True,,
,..,,-,True,,
,..,,...,True,,
,..,,-,True,,
,..,,-,True,,
,..,,-,True,,
,..,,...,True,,
,..,,...,True,,
,..,,...,True,,
,..,,-,True,,
,..,,-,True,,
,..,,...,True,,
,..,,...,True,,
,..,,...,True,,
,..,,...,True,,
,..,,...,True,,
,..,,-,True,,
,..,,-,True,,
,..,,-,True,,
,..,,-,True,,
,..,,-,True,,
,..,,-,True,,
,..,,-,True,,
,..,,-,True,,
,..,,-,True,,
,..,,-,True,,
,..,,-,True,,
,..,,...,True,,
,..,,-,True,,
,..,,...,True,,
,..,,-,True,,
,..,,-,True,,
,..,,-,True,,
,..,,-,True,,
,..,,-,True,,
,..,,-,True,,
,..,,...,True,,
,..,,...,True,,
,..,,...,True,,
,..,,-,True,,
,..,,-,True,,
,..,,-,True,,
,..,,-,True,,
,..,,-,True,,
,..,,-,True,,
,..,,...,True,,
,..,,-,True,,
,..,,...,True,,
,..,,...,True,,
,..,,-,True,,
,..,,-,True,,
,..,,-,True,,
,..,,-,True,,
,..,,-,True,,
,..,,-,True,,
,..,,...,True,,
,..,,-,True,,
,..,,-,True,,
,..,,-,True,,
,..,,-,True,,
,..,,...,True,,
,..,,-,True,,
,..,,-,True,,
,..,,-,True,,
,..,,-,True,,
,..,,-,True,,
,..,,...,True,,
,..,,...,True,,
,..,,-,True,,
,..,,...,True,,
,..,,-,True,,
,..,,-,True,,
,..,,-,True,,
,..,,...,True,,
,..,,-,True,,
,..,,-,True,,
,..,,-,True,,
,..,,-,True,,
,..,,...,True,,
,..,,-,True,,
,..,,...,True,,
,..,,-,True,,
,..,,-,True,,
,..,,-,True,,
,..,,-,True,,
,..,,-,True,,
,..,,...,True,,
,..,,...,True,,
,..,,-,True,,
,..,,-,True,,
,..,,...,True,,
,..,,-,True,,
,..,,-,True,,
