county,district,antlered_buck,antlerless_male,antlerless_female,total_harvest
Alamance,5,1372,124,1273,2769
Alexander,7,652,53,550,1255
Alleghany,7,1310,132,1143,2585
Anson,6,1948,229,2077,4254
Ashe,7,1508,129,1156,2793
Avery,8,736,47,542,1325
Beaufort,2,1277,152,1317,2746
Bertie,1,1378,174,1533,3085
Bladen,4,1322,108,1167,2597
Brunswick,4,1005,114,1022,2141
Buncombe,9,1030,59,537,1626
Burke,8,1281,74,806,2161
Cabarrus,6,1069,75,886,2030
Caldwell,8,1033,56,579,1668
Camden,1,132,15,198,345
Carteret,2,447,50,447,944
Caswell,5,1522,143,1255,2920
Catawba,8,1366,93,970,2429
Chatham,5,1243,90,1148,2481
Cherokee,9,844,39,456,1339
Chowan,1,245,34,309,588
Clay,9,440,25,246,711
Cleveland,8,2116,152,1680,3948
Columbus,4,1381,122,1418,2921
Craven,2,1440,147,1447,3034
Cumberland,4,621,47,435,1103
Currituck,1,178,29,184,391
Dare,1,50,6,47,103
Davidson,6,1923,136,1468,3527
Davie,7,699,36,487,1222
Duplin,2,1443,116,1262,2821
Durham,5,469,46,412,927
Edgecombe,3,1469,114,1262,2845
Forsyth,7,871,57,547,1475
Franklin,3,1169,135,1107,2411
Gaston,8,1064,83,872,2019
Gates,1,560,107,658,1325
Graham,9,147,1,20,168
Granville,5,1479,183,1463,3125
Greene,2,634,46,569,1249
Guilford,5,1163,97,991,2251
Halifax,3,1814,192,1651,3657
Harnett,4,992,75,804,1871
Haywood,9,571,15,181,767
Henderson,9,598,20,326,944
Hertford,1,716,103,778,1597
Hoke,4,371,32,243,646
Hyde,1,359,62,534,955
Iredell,7,1758,126,1249,3133
Jackson,9,549,11,199,759
Johnston,3,1471,99,1146,2716
Jones,2,902,83,897,1882
Lee,5,361,19,324,704
Lenoir,2,801,59,734,1594
Lincoln,8,1084,84,924,2092
Macon,9,889,18,325,1232
Madison,9,1144,61,758,1963
Martin,1,989,111,965,2065
McDowell,8,659,32,336,1027
Mecklenburg,6,386,27,284,697
Mitchell,8,725,43,509,1277
Montgomery,6,1593,137,1254,2984
Moore,6,1733,152,1475,3360
Nash,3,1048,67,875,1990
New Hanover,2,96,4,83,183
Northampton,3,1624,225,1834,3683
Onslow,2,1108,144,1126,2378
Orange,5,945,67,874,1886
Pamlico,2,536,50,477,1063
Pasquotank,1,176,30,190,396
Pender,2,1689,142,1440,3271
Perquimans,1,274,47,373,694
Person,5,1251,134,1219,2604
Pitt,2,1502,108,1289,2899
Polk,9,737,51,588,1376
Randolph,5,2636,217,2496,5349
Richmond,6,1232,89,949,2270
Robeson,4,1116,58,830,2004
Rockingham,5,2142,164,1727,4033
Rowan,6,1690,160,1353,3203
Rutherford,8,2028,167,1607,3802
Sampson,4,1044,87,811,1942
Scotland,4,677,27,511,1215
Stanly,6,1630,169,1572,3371
Stokes,7,1575,130,1487,3192
Surry,7,1693,123,1278,3094
Swain,9,236,5,145,386
Transylvania,9,529,14,220,763
Tyrrell,1,182,29,268,479
Union,6,1860,179,1744,3783
Vance,3,688,64,646,1398
Wake,3,1042,59,799,1900
Warren,3,695,105,676,1476
Washington,1,405,87,442,934
Watauga,7,1187,73,882,2142
Wayne,3,1208,76,952,2236
Wilkes,7,1859,132,1337,3328
Wilson,3,813,53,745,1611
Yadkin,7,1159,77,863,2099
Yancey,8,924,63,771,1758
